ability_if_employed,有工作的话3000是小意思,2,hardship_unspecified
ability_to_pay,12号还款日我能还上,7,hardship_unspecified
ability_to_pay_partial,现在手里面我有这个能力我可以去正常还款,1,hardship_unspecified
ability_to_pay_small_amount,1000块钱没问题能还掉,1,hardship_unspecified
ability_to_repay,有能力还,1,hardship_unspecified
absence_reason,出差了，手机没在身边,1,hardship_unspecified
absent_father,父亲十几年没联系,1,hardship_unspecified
accept_change,我不改,1,hardship_unspecified
accept_installment,同意分期,1,installment_request
accept_interest,利息没关系,1,hardship_unspecified
accept_interest_reject_penalty,利息可以违约金不接受,1,hardship_unspecified
accept_investigation,可以查,1,hardship_unspecified
accept_local_contact,让当地联系我吧,1,hardship_unspecified
accept_plan,接受分期延期,1,installment_request
accept_responsibility,只能自己还,1,hardship_unspecified
accepting_legal_action,接受诉讼,1,hardship_unspecified
accident,事故,12,hardship_unspecified
accident_compensation,撞了别人赔钱,1,health_crisis
accident_details,逆行骑电车被撞,1,health_crisis
accident_injury,被车撞了,2,health_crisis
accident_liability,受伤了个工人,2,health_crisis
accident_timing,上个月,2,health_crisis
account_access_issue,卡点不进去了,1,hardship_unspecified
account_balance,上面写的是1100,10,debt_inquiry
account_balance_query,我那卡是37000的吧,2,debt_inquiry
account_closed,关了现在张卡,1,hardship_unspecified
account_confirmation,我这个有个E招贷,2,hardship_unspecified
account_confusion,不懂这个是什么卡,3,hardship_unspecified
account_deduction,去年一次扣3000，扣3000，这次直接给我扣光了,3,hardship_unspecified
account_details,E招贷没有办理分期,7,installment_request
account_discrepancy,我就没有那个卡呀,1,hardship_unspecified
account_found,噢，看到了看到了,2,hardship_unspecified
account_frozen,5000多块钱被冻结,70,account_restriction
account_history,中间有多好多年没有用,5,hardship_unspecified
account_identification,E招贷尾号0123,5,hardship_unspecified
account_info,固定额度44000,2,hardship_unspecified
account_inquiry,卡号,3,hardship_unspecified
account_issue,848对,9,hardship_unspecified
account_negative_balance,账户负900,1,hardship_unspecified
account_number,1558,2,hardship_unspecified
account_restricted,名下账户有问题,4,account_restriction
account_restriction,只可以柜面交易,1,hardship_unspecified
account_separation,信用卡不能还这个,1,hardship_unspecified
account_settled,已经结了,2,hardship_unspecified
account_status,上面写的逾期,3,hardship_unspecified
account_status_awareness,我那个卡不是目前是什么了嘛？逾期了吗？,1,hardship_unspecified
account_tenure,13年了,1,hardship_unspecified
account_unfamiliar,招商银行信用卡的号我都不知道,1,hardship_unspecified
account_unfrozen,卡已解冻,2,hardship_unspecified
accounts_receivable,客户积压,2,income_loss
accounts_receivable_delayed,款也不好收,5,income_loss
accruing_interest_penalty,利息和罚息跟着我呢,1,interest_pressure
accusation_of_unauthorized_change,什么可以私自更改客户的账单日和还款日的,1,hardship_unspecified
acknowledge_debt,不是不准备还,23,debt_awareness
acknowledge_default,行为是我违约,3,debt_awareness
acknowledge_legal_consequence,的确的确是，我知道,1,debt_awareness
acknowledge_overdue,知道逾期,1,debt_awareness
acknowledge_transaction,承认消费,1,debt_awareness
acknowledge_unable_to_pay,我知道还不上,1,debt_awareness
acknowledged_debt,信用卡没还,4,debt_awareness
acknowledged_debt_amount,我必须还1700,1,debt_awareness
acknowledged_default,违约了,1,debt_awareness
acknowledged_delinquency,收到逾期提醒,1,debt_awareness
acknowledged_minimum,最低还款额我看了,1,debt_awareness
acknowledged_notice,有看了,1,debt_awareness
acknowledged_overdue,知道……忘了,1,debt_awareness
acknowledges_debt,2个月不还了吗,16,hardship_unspecified
acknowledges_overdue,我知道逾期了,5,hardship_unspecified
acknowledges_policy,政策是不错,1,hardship_unspecified
acknowledging_contact,你这个信息我都收到,1,hardship_unspecified
acknowledging_debt,不是不愿意还钱,6,hardship_unspecified
acknowledging_delinquency,我好像逾期了,2,hardship_unspecified
acknowledging_difficulty,对,1,hardship_unspecified
acknowledging_info,看到信息了,1,hardship_unspecified
acknowledging_overdue,逾期确实不行,1,hardship_unspecified
acknowledgment,我知道,8,hardship_unspecified
acknowledgment_of_debt,欠钱是要还的,2,hardship_unspecified
acknowledgment_of_delinquency,我知道,2,hardship_unspecified
acknowledgment_of_overdue,就是个逾期问题,1,hardship_unspecified
action_completed,打开掌上生活登录上去了,1,hardship_unspecified
action_taken,找老板要钱,1,hardship_unspecified
active_communication,一直在跟你们去沟通,8,hardship_unspecified
active_contact,主动联系催收员,1,hardship_unspecified
active_effort,正在积极处理,1,hardship_unspecified
active_negotiation,主动协商还款,2,hardship_unspecified
active_repayment_effort,每个月也在这个工作努力还,1,hardship_unspecified
additional_loan,又批了E招贷,1,hardship_unspecified
address,1603,12,hardship_unspecified
address_acceptance,嗯，你发到那里也可以,1,contact_difficulty
address_belongs_to_son,那是我儿子的住的地方,1,contact_difficulty
address_change,609那个不在用了,86,contact_difficulty
address_changed,人不在,6,contact_difficulty
address_confirmation,47楼42号,55,contact_difficulty
address_confirmed,地址有效,4,contact_difficulty
address_correction,阳关区,1,contact_difficulty
address_description,老小区,1,contact_difficulty
address_forgetfulness,忘了留的地址,1,contact_difficulty
address_history,原来那个户籍也是因为我住那边,1,contact_difficulty
address_incomplete,没有门牌,2,contact_difficulty
address_info,户籍不是这里,2,contact_difficulty
address_invalid,地址没效了,5,contact_difficulty
address_issue,户籍地没人,2,contact_difficulty
address_mismatch,店铺地址不是身份证地址,1,contact_difficulty
address_outdated,户籍地是十几二十年以前的,2,contact_difficulty
address_preference,要求按身份证地址寄送,1,contact_difficulty
address_provided,办信用卡时有留地址,9,contact_difficulty
address_type,户籍地是农村的屋子,1,contact_difficulty
address_uncertainty,单位地址不知道,1,contact_difficulty
address_unchanged,户籍地没改过,1,contact_difficulty
address_unclear,租的房子没看到,1,contact_difficulty
address_unoccupied,没有了,2,contact_difficulty
address_unreachable,不用寄到那边，没人,7,contact_difficulty
address_update,信息有更新了,1,contact_difficulty
address_valid,个人住到这里的,2,contact_difficulty
address_validity,我住宅是住宅，肯定有效,1,contact_difficulty
admit_mistake,银行记错了,1,hardship_unspecified
admit_overdue,5月份逾期了,1,hardship_unspecified
admitted_delay,没有按时还进去,1,hardship_unspecified
admitted_inability_to_pay,实在还不上那只能逾期了,1,hardship_unspecified
admitted_overdue,前面逾期是有的,3,hardship_unspecified
affordability,12期贷款还款压力不大,1,partial_capacity
affordable_amount,一个月2000多没问题,2,partial_capacity
age,60多岁了,2,hardship_unspecified
age_disadvantage,年龄大了,2,hardship_unspecified
age_discrimination,这个年龄找工作困难,1,hardship_unspecified
age_elderly,我都60多了,1,hardship_unspecified
age_excuse,年龄大了,1,hardship_unspecified
agree_with_issue,我提出的就是这个问题啊,1,hardship_unspecified
agreed_condition,你说七点半之前要还上就OK了,1,partial_capacity
agreed_installment,每月还500多,1,hardship_unspecified
agreed_payment_date,7月1号再还,2,hardship_unspecified
agreed_plan,说到8月7号完了之后，如果还是没有那啥，再跟咱们银行协商,2,hardship_unspecified
agreement_reached,昨天已经沟通完了,1,hardship_unspecified
agricultural_work,从地里面回来,1,income_loss
alone,只剩一个人,1,hardship_unspecified
already_borrowed,已经借过钱,3,debt_overwhelm
already_received_help,已经帮了很多,1,hardship_unspecified
alternative_payment,那我就直接还汽车的贷款了,1,hardship_unspecified
alternative_proposal,对方建议先还一年每月3670的方案,1,hardship_unspecified
amount,近两年查到9000多,2,hardship_unspecified
amount_change,最低还款变了,2,hardship_unspecified
amount_clarification,询问6000多是什么意思,1,debt_inquiry
amount_confirmation,2个月4700,2,debt_inquiry
amount_discrepancy,之前打了要说800多，现在要940,9,hardship_unspecified
amount_displayed,显示7400多,1,debt_inquiry
amount_dispute,差200块钱,1,hardship_unspecified
amount_increase,现在变成1100多,1,hardship_unspecified
amount_lost,卖了20000多块钱,1,hardship_unspecified
amount_mentioned,20000块钱,2,debt_inquiry
amount_understanding,理解6000多是补偿两期的息费和违约金,1,debt_inquiry
annual_payment_amount,还10000、11000到12000,1,hardship_unspecified
answer_calls,随时接电话,2,hardship_unspecified
anxiety,很着急,3,hardship_unspecified
app_display_issue,我刚才看的时候是没有的,2,hardship_unspecified
app_operation,APP操作,1,hardship_unspecified
app_used,使用的是招商银行APP,1,hardship_unspecified
application_submission,填完资料后直接说是要不要拨打客服电话，我已经打过了,3,hardship_unspecified
appointment_date,手机APP上面写的就是6月24号,1,hardship_unspecified
ask_debt_amount,询问欠款金额,1,debt_inquiry
ask_interest,我现在是有其他循环利息之类的吗,1,hardship_unspecified
ask_principal,询问本金金额,1,hardship_unspecified
ask_total_amount,分期订单加上6月份账单加在一起是多少钱,2,debt_inquiry
asked_for_plan,问过个性化分期,1,installment_request
asking_for_principal,本金是多少,1,debt_inquiry
assert_rights,争取合法权益,1,hardship_unspecified
asset_change,房子已经卖了,1,asset_situation
asset_debt,已经抵押给银行,3,asset_situation
asset_depreciated,车是多年的老车,1,asset_situation
asset_devaluation,现在不值钱,1,asset_situation
asset_disposal,以前有，现在没有了,2,asset_situation
asset_freezing,房子立马冻结,1,asset_situation
asset_frozen,全部在里面全部冻结,3,asset_situation
asset_in_use,还在使用,1,asset_situation
asset_info,109平,7,asset_situation
asset_insufficient,卖房卖车，我想把这个还上，我现在也还不上,2,asset_situation
asset_issue,到现在为止都没有销,2,asset_situation
asset_liability_imbalance,房子资不抵债,1,asset_situation
asset_liquidation,东西全部卖了,19,asset_situation
asset_liquidation_attempt,把那个车卖掉，还了，现在都没人要啊,1,asset_situation
asset_liquidation_difficulty,卖房子没人接走,1,asset_situation
asset_liquidation_plan,只能去卖车,1,asset_situation
asset_location,买的房子在滨州市无棣县,3,asset_situation
asset_loss,房子卖了,1,asset_situation
asset_not_in_own_name,车是爱人名下的,1,asset_situation
asset_ownership,我名下有套房子,4,asset_situation
asset_pledge,用房产证抵押,1,asset_situation
asset_pledged,信用卡抵押出去了,2,asset_situation
asset_poverty,没车没房没媳妇,1,asset_situation
asset_restriction,暂时不能卖,1,asset_situation
asset_risk,房子要拿走,2,asset_situation
asset_seized,查封状态,2,asset_situation
asset_size,80几,1,asset_situation
asset_sold,卖了两年了,3,asset_situation
asset_status,没有别的车,1,asset_situation
asset_transfer,车已卖给朋友并过户,1,asset_situation
asset_value,只值23之万,1,asset_situation
asset_value_estimate,可能比你们的贷款要多,1,asset_situation
asset_value_unknown,不知道市值,1,asset_situation
asset_vehicle,名下有车,1,asset_situation
assets_sold,身边的东西全部卖掉了,1,hardship_unspecified
at_bank,现在就在银行,2,hardship_unspecified
at_work,在上班,4,income_loss
attempt_to_borrow,尽量去借,1,debt_overwhelm
attempted_borrowing,一上午都在想办法到处借钱,3,debt_overwhelm
attempted_payment,已尝试在APP还款,1,payment_track_record
attempted_solution,想了办法,1,hardship_unspecified
attempting_to_borrow,一直跟朋友打电话,1,debt_overwhelm
attempting_to_pay,还在筹钱,1,hardship_unspecified
attempting_to_raise_funds,在凑这个钱,2,debt_overwhelm
austerity_measures,能不花的钱都不花,1,hardship_unspecified
auto_debit_failure,办的时候不会自动划扣,2,hardship_unspecified
auto_debit_inquiry,自动扣款,1,hardship_unspecified
auto_debit_request,把钱放在储蓄卡里自动扣,1,hardship_unspecified
auto_debit_setup,卡会自动扣,2,hardship_unspecified
auto_deduction,工资卡绑定的信用卡直接就扣款，已经扣光了上个月的,3,income_delay
available_at_home,最近我也基本上都在家,1,hardship_unspecified
available_for_contact,你打电话找我的话，我什么时候都可以接,2,hardship_unspecified
available_funds,2000块,11,debt_overwhelm
available_time,咱们可以上午一点钟到两点这个期间,1,hardship_unspecified
avoid_blacklist,不想成为老赖,1,hardship_unspecified
avoid_escalation,不想搞到银行那边,2,hardship_unspecified
avoid_high_interest,不想付高利息,1,hardship_unspecified
avoid_notice,不想收函,1,hardship_unspecified
avoidance_behavior,逾期后不再查看账单,1,hardship_unspecified
avoiding_contact,我招行信用卡电话我不接,1,hardship_unspecified
awaiting_funds,等钱到,1,income_delay
awaiting_income,可能得15号,3,income_delay
awaiting_receivables,正在催外面的那些款,1,income_delay
aware_of_debt,一直在看账单,1,hardship_unspecified
aware_of_plan,知道方案,2,hardship_unspecified
awareness_of_consequences,清楚后果,2,hardship_unspecified
awareness_of_delinquency,知道逾期,1,hardship_unspecified
away_from_home,在外地,9,contact_difficulty
bad_weather,下大雨,2,hardship_unspecified
balance_display,现在还显示的,1,debt_inquiry
balance_increase,额度四万多变成六万多,1,hardship_unspecified
balance_increasing,还在往上面涨,1,hardship_unspecified
bank_account_existence,好像有一张,1,billing_dispute
bank_action,你们也不能不通知我就降额,4,billing_dispute
bank_card_info,尾数666的,1,billing_dispute
bank_confirmation,就是招行的,2,billing_dispute
bank_deduction,最低还款扣息近1000元,3,billing_dispute
bank_delay,工作人员承诺处理未果,1,billing_dispute
bank_difficult,招商银行难谈,1,billing_dispute
bank_error,你们办错了,4,billing_dispute
bank_fault,银行也是有漏洞的,1,billing_dispute
bank_initiated_installment,分期业务全部都是原先客服给我打的电话让我办的,2,billing_dispute
bank_name,交通银行,2,billing_dispute
bank_patience,银行在等我,1,billing_dispute
bank_profit,银行已经赚了钱,1,billing_dispute
bank_promise,银行发信息说愿与您共渡难关,1,billing_dispute
bank_promotion,被工作人员劝说分期,4,billing_dispute
bank_promotion_practice,天天打电话叫别人借借借,1,billing_dispute
bank_refusal,你们不同意分期,1,billing_dispute
bank_rejection,银行说没有政策,1,billing_dispute
bank_responsibility,是你们银行造成的,3,billing_dispute
bank_system_upgrade,你们不是银行系统升级吗,2,billing_dispute
bankruptcy,做生意破产,2,hardship_unspecified
basic_living,维持我自己的基本生活,1,expense_pressure
basic_living_need,要吃饭用的,1,expense_pressure
basic_living_needs,保障自己我的基本生活,2,expense_pressure
basic_living_only,够自己的一个生活,1,expense_pressure
basic_needs,吃饭了成问题,5,expense_pressure
basic_needs_first,先保证生活,1,expense_pressure
basic_needs_priority,先维持生活,3,expense_pressure
basic_needs_struggle,但要贷再拿1000多，我现在吃饭都是问题啊,1,expense_pressure
basic_needs_threatened,还了钱，连温饱问题和住宿的问题我都解决不掉,1,expense_pressure
basic_needs_unmet,连吃饭都吃不上了,1,expense_pressure
below_minimum,未还到最低还款额,1,partial_capacity
bereavement,人已经走了,1,family_crisis
bill_amount,实际账单金额2000多,2,debt_inquiry
bill_discrepancy,拉出来的账单就是这些,1,hardship_unspecified
bill_due,账单到期,1,hardship_unspecified
bill_modification,账单改了,1,hardship_unspecified
bill_reference,5月5月底账单,1,debt_inquiry
bill_total,已出未出账单合计40063.76,1,debt_inquiry
bill_verification,核算账单,1,hardship_unspecified
billing_change,账单日期变更,1,billing_dispute
billing_confusion,看不懂账单,1,billing_dispute
billing_cycle,原来账单日,1,billing_dispute
billing_cycle_change,那个账单周期改了一下,1,billing_dispute
billing_discrepancy,5月这个账单显示是这个,4,billing_dispute
billing_dispute,5月份的账单上就有,5,billing_dispute
billing_issue,账单继续出,1,billing_dispute
billing_request,要求账单别改,1,billing_dispute
blame_bank,是你们那边没有及时联系到我,1,hardship_unspecified
blame_denial,没有怪银行,2,hardship_unspecified
blaming_bank,咱给我造成这个困难,2,hardship_unspecified
borrow_for_others,替别人借钱,1,debt_overwhelm
borrowed_for_minimum,向公司财务申请最低还款金额,1,debt_overwhelm
borrowed_from_family,从家人那里拿了钱,2,debt_overwhelm
borrowed_from_friends,周转钱找朋友借,2,debt_overwhelm
borrowed_funds,昨天晚上去借的,2,debt_overwhelm
borrowed_in_april,我4月份借的,1,debt_overwhelm
borrowed_money,住院跟亲戚朋友挪了蛮多钱,10,debt_overwhelm
borrowed_to_pay,借了朋友的钱去提前还,2,debt_overwhelm
borrowing,借一点,6,debt_overwhelm
borrowing_attempt,今天已经借了,8,debt_overwhelm
borrowing_attempt_failed,上班的地方跟人家说，人家也不行,1,debt_overwhelm
borrowing_cycle,下期还了才能再借,1,debt_overwhelm
borrowing_difficulty,借钱不好借,9,debt_overwhelm
borrowing_dilemma,借他们钱，我怎么还呢,2,debt_overwhelm
borrowing_exhausted,能借的都借了,2,debt_overwhelm
borrowing_failed,人家也没有,8,debt_overwhelm
borrowing_failure,借不来,3,debt_overwhelm
borrowing_from_family,家里借钱,2,debt_overwhelm
borrowing_from_friend,向朋友借,2,debt_overwhelm
borrowing_from_friends,借朋友的,3,debt_overwhelm
borrowing_from_others,之前好多好多都是找朋友借的,20,debt_overwhelm
borrowing_history,已借了几个月钱来还,2,debt_overwhelm
borrowing_inability,本人不出去借款没用,1,debt_overwhelm
borrowing_intention,去借钱,2,debt_overwhelm
borrowing_limitation,朋友说不能一直借,1,debt_overwhelm
borrowing_money,一直在跟别人拿钱,7,debt_overwhelm
borrowing_plan,去村里找朋友借钱,8,debt_overwhelm
borrowing_refused,认识的人借都被拒绝了,2,debt_overwhelm
borrowing_source,朋友,2,debt_overwhelm
borrowing_to_pay,之前靠借钱还款,6,debt_overwhelm
borrowing_to_repay,借了还还给你们,1,debt_overwhelm
borrowing_to_survive,前2个月借了6万多还卡,2,debt_overwhelm
broken_promise,上次没有人联系我,7,hardship_unspecified
broken_promise_from_others,朋友答应我了，说6号给我，但后来又没有给我,1,hardship_unspecified
business,开那个餐饮,2,hardship_unspecified
business_affairs,在处理公司事情,1,income_loss
business_cash_flow_issue,做生意钱回不来,4,income_loss
business_closed,倒闭了，关掉了,5,income_loss
business_closure,之前公司准备注销,6,income_loss
business_closure_time,12月份,3,income_loss
business_cycle,养殖种植有周期性,1,income_loss
business_debt,店里之前拿的货全部都还欠的,1,income_loss
business_decline,今年订单不多,17,income_loss
business_difficulty,做生意在熬,10,income_loss
business_expense,为公司方面的事,7,income_loss
business_expenses,店面房租等开支大,2,income_loss
business_failure,11月搞失败,109,income_loss
business_fraud,之前生意上被骗了,4,income_loss
business_history,17年就开始开餐馆了,2,income_loss
business_inactive,店我也很少去,1,income_loss
business_income,生意能起来就好一点,1,income_loss
business_justification,我们销售卖的那个地方不是在那个地方拿的，那个地方不是屠宰场,2,income_loss
business_location,还在这边,1,income_loss
business_loss,20个供应商被跑单,23,income_loss
business_name,将来餐饮店,1,income_loss
business_need,做生意要进货,1,income_loss
business_obligation,农民工，还有还有很多工资，我要这边还要去发,1,income_loss
business_ongoing,在继续嘛,3,income_loss
business_operating,经营是正常经营的,1,income_loss
business_operation,做生意,4,income_loss
business_owner,开小厂,1,income_loss
business_ownership,做了,1,income_loss
business_partnership,合伙资金公司,2,income_loss
business_potential,只要手里有钱就能活过来,1,income_loss
business_project,手上在做个项目,1,income_loss
business_receivable_uncollected,客户那个尾款去收了，没有收回来,1,income_loss
business_revenue_delayed,做生意……我这边就是快没回来,1,income_loss
business_revenue_issue,对对对,3,income_loss
business_scale,小股份,1,income_loss
business_shutdown,厂子停了,4,income_loss
business_status,倒闭了,4,income_loss
business_support,用信用卡支撑做生意,1,income_loss
business_type,做即时零售,3,income_loss
busy,三点半我确实没有时间,5,contact_difficulty
busy_at_work,我现在在忙工作,2,income_loss
busy_outside,在外面有事,1,contact_difficulty
busy_schedule,下午一直在忙,1,contact_difficulty
busy_situation,排队在进站,1,contact_difficulty
busy_with_study,我学习最近忙,1,contact_difficulty
busy_work,因为我现在工作太忙，我没办法一直接你们的,1,income_loss
calculation_of_plan,一年差不多30000,1,hardship_unspecified
call_attempt_failed,我打电话过去时不接,1,contact_history
call_behavior,是我自己挂掉的,1,contact_history
call_failure,打了好几次打不过去,5,contact_history
call_frequency,上午10点18给我打过。10点13也打过，今天是第二通电话了,5,contact_history
call_preference,吃饭的时间再打,1,contact_history
call_time,下午5点多回电话,2,contact_history
callback,没接到会回过去,1,hardship_unspecified
called_bank,我给招行打电话,1,hardship_unspecified
caller_id_issue,你一直用那个021的电话打给我,1,hardship_unspecified
can_pay_both_installments,我可以两期一起给你处理啊,1,partial_capacity
can_pay_full,给你还款一点问题没有，我马上就给你全额还清,1,partial_capacity
can_pay_two_installments,我可以两期一起给你处理,1,partial_capacity
can_use_app,掌上生活我开得见,1,hardship_unspecified
cancel_installment,想取消分期,1,installment_request
cannot_afford,没有能力还4137,3,repayment_inability
cannot_afford_minimum,2000多，我现在都还不进来,1,repayment_inability
cannot_cover_full_amount,覆盖不到,1,repayment_inability
cannot_installment,办不了分期,1,repayment_inability
cannot_pay_before_date,20号之前解决不了,1,repayment_inability
cannot_pay_installment,首期分期还款都还不了,2,repayment_inability
cannot_pay_lump_sum,一次性拿不出来,4,repayment_inability
cannot_pay_now,2500的那个信用卡的，我是真的，12点半之前我是是还不进去的,6,repayment_inability
cannot_pay_this_month,这个月肯定是要逾期的,1,repayment_inability
cannot_pay_today,今天我还不了,4,repayment_inability
cannot_pay_tomorrow,明天还不了,1,repayment_inability
cannot_raise_funds,筹不到这么多钱,1,repayment_inability
cannot_reach_employer,见不到老板,1,repayment_inability
cannot_repay_now,暂时还不上,1,repayment_inability
cannot_repay_today,今天想办法还不上,2,repayment_inability
cannot_view_balance,借了多少钱都看不到,2,repayment_inability
cannot_view_details,我掌上生活都看不到,1,repayment_inability
capital_misappropriation,资金被挪走,1,hardship_unspecified
car_age,车子六年,1,asset_situation
car_loan,车贷有,1,asset_situation
car_loan_amount,车贷一个月6000多,2,asset_situation
car_loan_balance,车贷还剩100000不到,1,asset_situation
car_loan_current,车贷还没有,1,asset_situation
car_loan_default,有一台按揭车也是逾期的,1,asset_situation
car_loan_in_own_name,在我名下,1,asset_situation
car_loan_remaining_term,还要还一年一年多,1,asset_situation
car_loan_status,车贷现在还没有逾期,1,asset_situation
car_pledged,车子抵押,1,asset_situation
car_purchase_method,全款买车,1,asset_situation
car_purchase_price,车买价540000多,1,asset_situation
card_abandonment_intent,不想以后都不想用了,1,account_restriction
card_action,选择停卡,1,account_restriction
card_active,卡片正在正常使用,2,account_restriction
card_adjustment,信用卡调整,1,account_restriction
card_application_process,你们是上门办理的，直接让我签字,1,account_restriction
card_blocked,24年之后卡片不能用了,32,account_restriction
card_bound,我绑定过我的微信，绑定过这个信用卡,1,account_restriction
card_change,换了卡卡,1,account_restriction
card_charge,信用卡扣了,1,account_restriction
card_closure,之后也不会用了,3,account_restriction
card_closure_intent,不用了,1,account_restriction
card_closure_plan,还完之后就注销,1,account_restriction
card_disabled,卡已经不能用了,2,account_restriction
card_disuse,不再消费,5,account_restriction
card_disuse_intention,不太想用了,4,account_restriction
card_drained,卡被划空,1,account_restriction
card_expired,1508那张卡之前过期,1,account_restriction
card_fraud,四张卡,3,account_restriction
card_freeze_condition,冻结是冻到还完所有的款为止,1,account_restriction
card_freeze_negotiability,冻结是一个硬性条件吗,1,account_restriction
card_freeze_permanence,还完所有的款了也不能消费了,1,account_restriction
card_freeze_request,不做停卡只会越拖越严重,2,account_restriction
card_frozen,5000多块钱给我冻结,43,account_restriction
card_frozen_after_minimum,还最低后银行冻结卡片,1,account_restriction
card_frozen_or_reduced,还进去就降额,2,account_restriction
card_history,信用卡用了10年,1,account_restriction
card_issuance_time,从05年申请的这个卡片,2,account_restriction
card_limit_exhausted,已经没有额度,1,account_restriction
card_limit_reduced,降额了,2,account_restriction
card_limitation,卡被限额,2,account_restriction
card_lost,那卡我找不到了,1,account_restriction
card_misuse,他用我卡,8,account_restriction
card_non_use,三期不用卡,1,account_restriction
card_not_available,我这没有3256的卡,1,account_restriction
card_not_found,没有,1,account_restriction
card_not_in_use,你们那个卡我也没有在用,7,account_restriction
card_not_used,我这卡一直没用,2,account_restriction
card_ownership_dispute,信用卡是亲戚卡,1,account_restriction
card_protection,两万块保储蓄卡,1,account_restriction
card_reissued,我招行信用卡都已经给我做挂失了，重新办理了,1,account_restriction
card_replaced,这个卡我已经换了嘛,1,account_restriction
card_restoration_inquiry,我即使全部结清也不能恢复吗,1,account_restriction
card_restricted,功能受限,6,account_restriction
card_restriction,2000多还进去，卡片就不能用了,5,account_restriction
card_retention,把所有的信用卡全注销了，就留了你们这一张,1,account_restriction
card_reuse_motivation,因为我还是想用招行的卡,1,account_restriction
card_shared,亲戚在用卡,2,account_restriction
card_status,信用卡没法再用了,29,account_restriction
card_suspension,停卡,4,account_restriction
card_unblock_request,信用卡解掉,1,account_restriction
card_unused,1508那张卡反正没用,2,account_restriction
card_usage,卡要派用,2,account_restriction
card_usage_attitude,可用可不用,1,account_restriction
card_usage_concern,还过去之后卡就可以正常用了,1,account_restriction
card_usage_decision,可以不用卡,1,account_restriction
card_usage_duration,才用23年,1,account_restriction
card_usage_inquiry,卡还能用,1,account_restriction
card_usage_intent,我想用卡,1,account_restriction
card_usage_self,卡都是自己用的，没给别人用,1,account_restriction
card_usage_status,有用卡需要但不再用,1,account_restriction
card_usage_waiver,用卡可以不用,1,account_restriction
card_used_by_other,卡一直他用,1,account_restriction
cards_frozen,信用卡全部封了,1,hardship_unspecified
caregiver_status,在家带孩子,1,family_crisis
caregiving,在医院照顾,5,family_crisis
caregiving_cost,要请人照顾父亲,2,family_crisis
caregiving_duty,在家里照顾老人,1,family_crisis
caregiving_responsibility,一个人照顾家里,5,family_crisis
carelessness,疏忽,1,hardship_unspecified
cash_flow_break,个链断了,3,income_delay
cash_flow_instability,还了这个月下个月又没钱,1,income_delay
cash_flow_issue,周转不上了,10,income_delay
cash_from_family,家里面给我现金，然后我还完,1,family_strain
cause_of_issue,喝酒的原因,1,hardship_unspecified
check_app,去了招商APP看了,1,hardship_unspecified
checking_account,849还好没有给扣走,2,hardship_unspecified
checking_payment_method,我看一下，我买飞机票是用哪个银行,1,hardship_unspecified
child_dependency,小孩也得记,1,hardship_unspecified
child_education,上大学,2,expense_pressure
child_not_at_home,他不在家里,1,family_strain
childcare_expense,上全托,2,hardship_unspecified
children_age,小的那个还在喝牛奶,2,hardship_unspecified
children_count,三个小孩,1,hardship_unspecified
children_in_school,有两个孩子在上学,1,expense_pressure
chosen_plan,选了还1900的方案,1,hardship_unspecified
chronic_illness,病不是两天两天了,2,health_crisis
claim_normal_consumption,声称是正常消费,2,hardship_unspecified
claimed_payment,一直一直都急着还的,12,payment_track_record
claimed_repayment,我之前还了,4,payment_track_record
claiming_policy,国家有保负政策,1,hardship_unspecified
clarify_payment_nature,你这个500块钱是本金吗,1,hardship_unspecified
co_liability,老公是连带责任,1,hardship_unspecified
collateral_loss,抵押物不在了,2,expense_pressure
colleague_helped_buy_car,同事帮忙签字买车,1,hardship_unspecified
colleague_workplace,同事是龙龙农产品同事,1,hardship_unspecified
collecting_debts,在外面要账,1,hardship_unspecified
collection_contact,收到催收短信,1,collection_grievance
collection_delay,20号没有催收,1,collection_grievance
collection_effort,在催对方付款,1,collection_grievance
collection_impact,催收打电话到单位,1,collection_grievance
collection_pause,暂停催收,1,collection_grievance
collection_pressure,每天打电话要求六点筹钱,1,collection_grievance
combined_payment_demand,两起让我一起还,1,hardship_unspecified
commitment,承诺3天内筹措资金,1,hardship_unspecified
commitment_to_pay,今天再晚也会存进去,9,hardship_unspecified
commitment_to_repay,保证几年内还清,4,hardship_unspecified
communication_attempt,一直协调未解决,6,hardship_unspecified
communication_barrier,上班噪音大不拿手机,2,hardship_unspecified
communication_confusion,智能客服打电话挺多的,1,hardship_unspecified
communication_difficulty,你光讲的话我听不清,6,hardship_unspecified
communication_failure,前五天打过了,9,hardship_unspecified
communication_gap,逾期后无工作人员来电,1,hardship_unspecified
communication_issue,之前是机器人打的，我跟她说了我的难处，她没跟我沟通,17,hardship_unspecified
communication_preference,不想跟第三方沟通,5,hardship_unspecified
communication_recovery,刚恢复手机,1,hardship_unspecified
company_bankruptcy,公司倒闭,5,income_loss
company_closed,公司不在了,2,income_loss
company_in_trouble,公司已经差不多暂停的状态,2,income_loss
company_info,企业名称上海硕贤贤教易科技有限公司,1,income_loss
company_name,医疗用有限公司,4,income_loss
comparison,别人银行给的征信比你好,1,hardship_unspecified
comparison_other_banks,其他银行信用卡都没有这种情况,1,hardship_unspecified
comparison_with_other_banks,人家都听我说,4,hardship_unspecified
comparison_with_others,人家都三年了,1,hardship_unspecified
compensation,银行给我赔偿,1,hardship_unspecified
compensation_paid,赔了一些钱,1,hardship_unspecified
complaint,已向招商银行反映,4,hardship_unspecified
complaint_about_agent,他直接告诉我，他说如果不还的话后面银行肯定会起诉,5,legal_pressure
complaint_about_interest,你们那个利率太高了,2,hardship_unspecified
complaint_about_plan,最低，那就是无底洞，永远还不了本的,1,repayment_inability
complaint_about_urgency,计划一说过来那么快那么急,1,hardship_unspecified
complaint_action,最后我实在是没有办法了，来给你们银行中心打电话去投诉,1,hardship_unspecified
complaint_threat,银行会让要让我把给你们通话录音开开，然后返给银监会,1,hardship_unspecified
concern,担心减免后账单显示未结清,1,hardship_unspecified
concern_about_card_closure,还上了就没额度了,1,hardship_unspecified
concern_about_consequences,询问停卡对汽车贷款的影响,1,hardship_unspecified
concern_about_interest,分期会增加利息负担,2,installment_request
conditional_ability,我能拿出来的话就还了,2,hardship_unspecified
conditional_commitment,我尽量吧,2,hardship_unspecified
conditional_payment,如果咱们这边能接受我一个多期的分期还款呢，我就先保证还进信用卡这边,3,installment_request
conditional_promise,假如准备好的话，我肯定第一时间给还进去,3,hardship_unspecified
conditional_repayment,不能少就不还,13,partial_capacity
conditional_repayment_promise,有空有能逾期出来的话，我肯定会还进去,1,hardship_unspecified
conditional_willingness,但凡我有钱的话，我肯定就直接还了,7,partial_capacity
confirm_billing_period,噢，你就说这个里面包含5月5号还包含5月5号和6月5号的,1,hardship_unspecified
confirm_installment,就分期账单有个10000，是吧,1,installment_request
confirm_last_installment,确认最后一期,1,hardship_unspecified
confirm_overdue_amount,逾期的是44000，是吧,1,hardship_unspecified
confirm_total_debt,确认总欠款99000多,1,hardship_unspecified
confirmation,对,3,hardship_unspecified
confirmation_inquiry,不用还那个15000多了,1,hardship_unspecified
confirmation_seeking,什么时候给我启动呢,5,hardship_unspecified
confirmed_repayment,对,1,hardship_unspecified
confusion,上次政策被取消,11,hardship_unspecified
confusion_about_balance,一看还是5000多,2,hardship_unspecified
confusion_about_charges,不知道800多哪里来的,1,hardship_unspecified
confusion_about_debt,我的卡怎么有60000多,1,hardship_unspecified
confusion_about_payment,利息给我扣走了,1,hardship_unspecified
consequence_awareness,分完期不还就第二次逾期,1,hardship_unspecified
consideration,天天在考虑,1,hardship_unspecified
consistent_pattern,一直从年前到现在，一直都是这个样,1,hardship_unspecified
consistent_payment,我每月都按630，按时还的,1,payment_track_record
consolidation_request,在反正在你们招商银行名下的，我希望你们一次过搞，还有那什么E招贷啊什么的那些一起搞了,3,hardship_unspecified
consulted_family,与家人商量,1,family_strain
contact_attempt,打了两次客服电话,2,contact_history
contact_availability,都能接到电话,1,contact_history
contact_available,我的电话都是随时畅通的,2,contact_history
contact_change,手机号要换,1,contact_history
contact_commitment,不会失联,1,contact_history
contact_denial,不认识高原,1,contact_history
contact_dispute,你们没联系我,1,contact_history
contact_exposure,已经被报通讯录,1,contact_history
contact_failure,45043无法接通,4,contact_history
contact_frequency,10天，我这10天都给你打电话,1,contact_history
contact_history,下午打了两个电话,4,contact_history
contact_info,提供常用电话,2,contact_history
contact_info_change,6680号码没有再用了,1,contact_history
contact_info_invalid,没有有用的,2,contact_history
contact_info_provided,已经留了我的电话,1,contact_history
contact_info_update,打这个182的,1,contact_history
contact_info_valid,地址有效,1,contact_history
contact_invalid,无效,2,contact_history
contact_issue,下班后打不通电话,8,contact_history
contact_limitation,接不到电话,1,contact_history
contact_maintained,一直在接电话,1,contact_history
contact_method,信用卡电话是950几开头,3,contact_history
contact_origin,现在是你们普卡的业务员给留的,1,contact_history
contact_outdated,电话也换了,2,contact_history
contact_person,第一位联系人刘海燕,2,contact_history
contact_plan,每个月打一次客服电话,1,contact_history
contact_policy,失联很久才能联系紧急联系人,1,contact_history
contact_preference,10点后能接电话,4,contact_history
contact_relationship,一个很好的兄弟,3,contact_history
contact_request,询问联系方式,1,contact_history
contact_status,我不可能失联,17,contact_history
contact_time,九点10几分打的,1,contact_history
contact_unavailable,现在人在国外,2,contact_history
contact_unreliable,这个记不清了。当时留的可能都忘了，同事的吧,1,contact_history
contact_update,冯珊珊没有联系了,3,contact_history
contact_valid,有效,1,contact_history
contact_willingness,催收的电话我肯定会回的，不会不接,1,contact_history
contact_with_bank,刚联系银行,1,contact_history
contactability,只要不死就能联系上,1,hardship_unspecified
contactable,电话打得通,1,hardship_unspecified
contacted_agent,给办车贷的讲了,1,hardship_unspecified
contacted_all_banks,给所有银行打过电话,1,hardship_unspecified
contacted_bank,我也有打人工啊,6,hardship_unspecified
contacted_customer_service,已经打电话给你们这边客服说明了我的目前的这种情况,5,hardship_unspecified
contacted_emergency_contact,你们打到我紧急联系人上面去了,2,hardship_unspecified
contacted_family,家里我也联系过了,1,family_strain
contacted_for_negotiation,联系过客服协商个性化分期,1,installment_request
contacted_headquarters,今天早上，我也给你们总部打了电话了,1,hardship_unspecified
contacted_other_creditor,房贷打了电话,1,hardship_unspecified
contacted_others,我刚才已经打过几个电话了,1,hardship_unspecified
contacting_collector,逾期后一直在对接,1,hardship_unspecified
contacting_employer,老板没接,3,hardship_unspecified
contextual_constraint,毕竟在公司,1,hardship_unspecified
contract_dispute,质疑全损是否写在合同里,2,hardship_unspecified
contract_foundation_loss,合同履行基础丧失,1,hardship_unspecified
contract_not_shown,签有给我看啊,1,hardship_unspecified
cooperation,愿意尽量配合,1,payment_track_record
cooperation_with_process,您要进行下一步流程，我完全配合,1,hardship_unspecified
cooperative_behavior,电话都接,1,hardship_unspecified
cost_calculation,六期到36000,5,hardship_unspecified
counter_offer_time,5点之前,3,hardship_unspecified
court_freeze,法院冻结了,1,legal_pressure
credit_card_debt,信用卡有个30,1,hardship_unspecified
credit_card_use_for_business,信用卡用于投资做生意,1,hardship_unspecified
credit_concern,不想把自己征信弄坏,10,payment_track_record
credit_cutoff,贷款贷不下来,1,hardship_unspecified
credit_damage,征信受损,6,payment_track_record
credit_damaged,征信已经被你们弄了,1,hardship_unspecified
credit_denial,贷不出来,2,hardship_unspecified
credit_history,之前应该也是没有逾期过,24,payment_track_record
credit_history_issues,征信借贷数太多,1,hardship_unspecified
credit_impact,一直显示有逾期,14,payment_track_record
credit_impact_job,征信出问题找不到工作,1,hardship_unspecified
credit_indifference,我不在乎个人征信问题,1,hardship_unspecified
credit_issue,个人征信申请需要时间,2,hardship_unspecified
credit_limit,五万额度消费,15,payment_track_record
credit_limit_cancelled,临时额度停了,1,hardship_unspecified
credit_limit_change,临时额度被调没,2,hardship_unspecified
credit_limit_decrease,额度减少,15,hardship_unspecified
credit_limit_increase,额度到90000,1,hardship_unspecified
credit_limit_issue,恢复额度还是少,2,hardship_unspecified
credit_limit_reduced,把我额度就直接降掉了,2,hardship_unspecified
credit_limit_reduction,上上个月是把我额度给降了,19,hardship_unspecified
credit_line_source,这个E招贷的额度是从哪里来的,1,hardship_unspecified
credit_report,太太征信报告,4,payment_track_record
credit_report_impact,上传了，导致我现在找不到工作,10,hardship_unspecified
credit_report_notice,今天中午刚收到银行短信，说因逾期将上报金融信息基础库,1,hardship_unspecified
credit_score_decline,征信不够降低了,1,hardship_unspecified
currency_issue,没有换过来币,2,hardship_unspecified
current_activity,在做直播,7,hardship_unspecified
current_address,42栋,14,hardship_unspecified
current_amount,现在还上去就是4600多,1,hardship_unspecified
current_available_funds,目前有五六百,1,hardship_unspecified
current_balance,账单51686,2,debt_inquiry
current_bill_amount,本月要还4929.68,1,hardship_unspecified
current_credit_limit,额度173000,1,hardship_unspecified
current_default,信用卡一直在逾期,1,hardship_unspecified
current_difficulty,解决目前这个困难,1,hardship_unspecified
current_employer,现在在物美,1,hardship_unspecified
current_employment,在上班,6,income_loss
current_expense,现在在用钱,2,hardship_unspecified
current_financial_difficulty,现在就这个样子,1,hardship_unspecified
current_financial_strain,这个月电花很多钱,1,hardship_unspecified
current_funds,千块钱,2,hardship_unspecified
current_inability,我现在处理不了,4,hardship_unspecified
current_inability_to_pay,今天还是这个点，还是还不了,5,hardship_unspecified
current_income,4000,8,hardship_unspecified
current_income_source,做中介等兼职,5,hardship_unspecified
current_interest_payment,现在我每月仍然在给你支付着这280多块钱的利息啊,1,hardship_unspecified
current_job,刚跑美团外卖就2天,11,income_loss
current_liquidity_issue,现在手里边没有没有钱,1,hardship_unspecified
current_location,一栋一单元,32,hardship_unspecified
current_low_income,目前只有几千块钱,1,hardship_unspecified
current_obligation,每个月还6000多,1,hardship_unspecified
current_occupation,做直播,3,hardship_unspecified
current_overdue_amount,等这个120几块,1,hardship_unspecified
current_overdue_status,分期还没逾期,2,installment_request
current_payment_amount,现在一个月还1800多,1,hardship_unspecified
current_payment_history,它每个月有账单的，我都有还的,1,hardship_unspecified
current_payment_obligation,现在要还2000或2400,1,hardship_unspecified
current_payment_status,最低还款了,1,hardship_unspecified
current_residence,住在户籍地址,4,hardship_unspecified
current_residence_province,是在浙江,1,hardship_unspecified
current_situation,我现在在外面下着雨,1,hardship_unspecified
current_status,在外边,1,hardship_unspecified
current_work,在跑滴滴,6,income_loss
currently_driving,正在骑车,1,hardship_unspecified
currently_employed,现在在正常上班,1,hardship_unspecified
currently_working,现在一直工作,1,hardship_unspecified
customer_history,在招商银行信用卡很长时间,1,hardship_unspecified
customer_initiative,主动打了三四次电话,1,hardship_unspecified
customer_loyalty,用了招行多年，有感情,3,payment_track_record
customer_service_standard,24小时客服,1,hardship_unspecified
date_reference,今天8号,4,hardship_unspecified
daytime_absence,一般都不在,1,hardship_unspecified
deadline_conflict,他说只能放到8号,1,hardship_unspecified
deadline_imposed,它说一定要六点半,2,hardship_unspecified
death_of_debtor,他人人都已经不在的,4,hardship_unspecified
debt,欠款,5,hardship_unspecified
debt_accumulation,亏了，也借了一部分钱,6,debt_overwhelm
debt_acknowledgment,不是不认,14,hardship_unspecified
debt_amount,10000多块钱,208,debt_acknowledgment
debt_amount_acknowledgment,大概就是这个样子,1,debt_acknowledgment
debt_amount_clarification,2号买43000，毛差再将近6000块钱,1,debt_acknowledgment
debt_amount_confirmation,13315.5,9,debt_inquiry
debt_amount_confirmed,两千六,2,debt_inquiry
debt_amount_discrepancy,总共10020块减去1700,4,debt_inquiry
debt_amount_dispute,没有欠那么多,1,debt_acknowledgment
debt_amount_history,上上个月打电话问还有70000多,1,debt_acknowledgment
debt_amount_increase,E招贷的金额反而让我还7000多块钱,1,debt_acknowledgment
debt_amount_inquiry,一共欠了是多少钱,3,debt_inquiry
debt_amount_minimized,钱也不多，一千多块钱,1,debt_acknowledgment
debt_attribution,它让我借他刷的,3,debt_inquiry
debt_awareness,很清楚额度,2,hardship_unspecified
debt_burden,多还5000多,2,debt_overwhelm
debt_calculation,计算剩余金额,1,hardship_unspecified
debt_cause,帮朋友刷的,5,debt_inquiry
debt_chain,货款没有结清,1,hardship_unspecified
debt_collection_conflict,讨债吵架,1,hardship_unspecified
debt_collection_difficulty,欠我多钱我万也都不不得50块钱,1,hardship_unspecified
debt_composition,包含了那个有循环利息然后还有一个……已分期的未出出账单利息,5,debt_inquiry
debt_composition_inquiry,包含逾期罚息,1,hardship_unspecified
debt_confirmation,5月23号逾期了，还没还，6月23号还要还一笔,4,debt_inquiry
debt_consolidation,其他银行的都已经销掉,1,debt_overwhelm
debt_crisis,整体债务爆发了,1,hardship_unspecified
debt_cycle,一卡养卡,25,debt_overwhelm
debt_cycling,之前就是来回倒,1,hardship_unspecified
debt_denial,这个钱没有借,1,hardship_unspecified
debt_details,3360,3,debt_inquiry
debt_discrepancy,欠款金额与催收员说法不一致,2,hardship_unspecified
debt_distribution,几家银行我就分摊一下,2,hardship_unspecified
debt_due_to_third_party,一个项目可能会拖比较久,3,hardship_unspecified
debt_exceeds_principal,总欠款超过本金了,1,hardship_unspecified
debt_existence,房贷还有几十万,1,hardship_unspecified
debt_existing,房子是有房贷的,1,hardship_unspecified
debt_in_own_name,在我名下,1,hardship_unspecified
debt_increase,卡额是60000的额度，现在滚到80000多,8,debt_overwhelm
debt_inquiry,一共欠你们多少钱,15,debt_inquiry
debt_management,全款，我也是说不好听的，为了保障那个什么，我也是倒笼的还的,2,hardship_unspecified
debt_not_mine,不用我还,1,hardship_unspecified
debt_obligation,房子是也是属于分期的,5,installment_request
debt_obligations,车贷有吗,1,hardship_unspecified
debt_overload,其他人的钱我已经都借遍了,4,debt_overwhelm
debt_priority,欠你这边不是最大的金额,1,hardship_unspecified
debt_relief,减免11000,1,hardship_unspecified
debt_repayment_plan,6个月左右把小的处理干净,1,hardship_unspecified
debt_restructuring,想贷款还信用卡,1,hardship_unspecified
debt_restructuring_offer,银行这边也做降息，社保或营业执照可发利息，有个消费贷普偿负债,1,hardship_unspecified
debt_rotation,来回在那倒,1,hardship_unspecified
debt_source,支付宝的网贷,1,hardship_unspecified
debt_spiral,以贷还贷,2,hardship_unspecified
debt_status,一直在欠的,2,hardship_unspecified
debt_structure,E招贷里面还有一笔分期业务,1,installment_request
debt_to_others,还没还朋友钱,1,hardship_unspecified
debt_to_third_party,这是我欠他钱然后我要还给他,1,hardship_unspecified
debt_type,不是房贷车贷,5,debt_inquiry
debt_types,信用卡、网贷都有,1,hardship_unspecified
debt_unknown,还在统计,1,hardship_unspecified
debt_usage,信用卡用于生活支出,3,debt_inquiry
deduction_scope,名下招行所有卡都可能扣款,1,hardship_unspecified
default,逾期还不上,1,hardship_unspecified
default_concern,担心分期中间断供会造成二次违约,1,installment_request
default_status,后期都是逾期,2,hardship_unspecified
defer_payment,只能先挂账,1,hardship_unspecified
deferment_request,停息挂账,3,hardship_unspecified
deferral_granted,房贷给了延迟一年政策,1,hardship_unspecified
deferral_obtained,几张信用卡已延期五年,2,installment_request
deferral_request,让它延期,1,installment_request
delay,估计要今天晚上搞不好,3,hardship_unspecified
delay_commitment,逾期最多8天,1,hardship_unspecified
delay_explanation,还得需要个几天,1,hardship_unspecified
delay_in_resolution,要等差不多一个星期,1,hardship_unspecified
delay_payment,今天处理不了我明天上午可以处理,2,hardship_unspecified
delay_request,等警察追回,1,hardship_unspecified
delayed_income,上班也两个月以后才发工资,1,income_delay
deliberate_decision,考虑得很清楚,1,hardship_unspecified
delivery_instruction,寄到三阳时代也可以,1,hardship_unspecified
demand_fee_waiver,前期有3000多块钱的费用做减免,2,hardship_unspecified
demand_for_immediate_payment,叫我立马还1300多,1,hardship_unspecified
demand_full_waiver_and_installment,我的诉求就是违约金利息减免，全部减免，然后再做分期,1,installment_request
demand_interest_waiver,我现在要求你，你立刻给我减免这接近900块钱的利息,2,hardship_unspecified
demand_long_term_installment,后期做60期个性化分期,1,installment_request
demand_new_plan,重新分配还款方案,1,hardship_unspecified
demand_principal_only,包括以前的分期利息，我都不还,5,installment_request
demand_record_deletion,记录先删了再说,1,hardship_unspecified
demand_total_debt_restructuring,要求全部本金停息分期,2,installment_request
demand_written_agreement,要书面合同,1,hardship_unspecified
denial_of_avoidance,不是逃避责任,1,hardship_unspecified
denial_of_bad_faith,不是老赖,1,hardship_unspecified
denial_of_business_use,否认用于做生意,1,hardship_unspecified
denial_of_contact,我这边有记录，没有拦截,3,hardship_unspecified
denial_of_debt,不是我借的,1,hardship_unspecified
denial_of_frequency,我没有说每个月都买,1,hardship_unspecified
denial_of_malicious_intent,我们不是想去恶意,1,hardship_unspecified
denial_of_modification,没有修改期数,1,hardship_unspecified
denial_of_nonpayment,不是不还你们,1,hardship_unspecified
denial_of_personal_use,1分钱没有发费在自己身上,3,hardship_unspecified
denial_of_selective_payment,不是选择性还款,1,hardship_unspecified
denied_contact,6月2号没有接到过电话,1,hardship_unspecified
denied_employment_info,不是,1,hardship_unspecified
denied_installment,招商银行一直不给我做分期,1,installment_request
denies_difficulty,没有困难,1,hardship_unspecified
denies_fraud,不是赖那种,2,hardship_unspecified
deny_evasion,并不是逃避这个欠款,1,hardship_unspecified
deny_knowledge_of_transaction,那这个不清楚噢,1,hardship_unspecified
deny_malice,不是恶意不还款,2,hardship_unspecified
deny_malicious_intent,不是恶意去违约,1,hardship_unspecified
deny_ownership_of_shop,我自己没有啊，没有店铺啊,1,hardship_unspecified
denying_usage,我没用,1,hardship_unspecified
dependent_children,小孩未成年,1,hardship_unspecified
dependents,有两个小孩,1,hardship_unspecified
depleted_savings,都是吃的老底,1,hardship_unspecified
desire_but_unable,想还但没法还,1,hardship_unspecified
desire_for_installment,想要个性化分期,2,installment_request
desire_not_to_owe,不想欠,1,hardship_unspecified
desire_to_clear,想早点清掉,1,hardship_unspecified
desire_to_keep_card,卡片保留使用是肯定的,1,hardship_unspecified
desire_to_pay,不想欠你们,8,hardship_unspecified
desire_to_repay,不是一定要用卡,10,hardship_unspecified
desire_to_settle,要求提前还款结清,3,hardship_unspecified
developer_debt,开发商那儿还差20000,1,hardship_unspecified
device_issue,手机太热了,3,hardship_unspecified
device_usage,刚才一直在用手机,1,hardship_unspecified
different_plan,公众号才到分期信贷,1,installment_request
difficulty_finding_job,找零工也不好找,1,hardship_unspecified
disagreement,首先一点，我是不同意的,1,hardship_unspecified
disagreement_on_plan,上量是没有达成一致的,1,hardship_unspecified
disagreement_on_terms,人家是想还款，你们不同意,2,hardship_unspecified
disclosure_absence,没有录音录像或签字告知循环利息,1,hardship_unspecified
discount_inquiry,减免,1,hardship_unspecified
discount_offer,减免2400元,1,hardship_unspecified
discrepancy,多出1000,1,hardship_unspecified
discrepancy_in_debt_amount,欠款金额与记录不符,1,hardship_unspecified
discrepancy_question,总欠款比实际少1000多,1,hardship_unspecified
discussed_with_family,都商量了,1,hardship_unspecified
discussed_with_spouse,商量过,1,hardship_unspecified
disposable_income,基本上还剩个2000块钱,1,hardship_unspecified
dispute,不接你们还说说我是恶意欠款不还钱,1,hardship_unspecified
dispute_accuracy,上错就是不对的,1,billing_dispute
dispute_agreement,APP上没有协议,5,billing_dispute
dispute_amount,5000,40,billing_dispute
dispute_balance,上个月也是说的30000多,2,billing_dispute
dispute_card_closure,我不同意停卡，而是你们给我的诱导,1,billing_dispute
dispute_charges,不知情,8,billing_dispute
dispute_claim,否认选择性还款,1,billing_dispute
dispute_consumption,没有新增消费,1,billing_dispute
dispute_contact,我确有通话记录,2,billing_dispute
dispute_contact_record,没有记录吗,1,billing_dispute
dispute_credit_limit,没有临时额度,1,billing_dispute
dispute_debt,对E招贷不知情,1,billing_dispute
dispute_debt_origin,E招贷不知道怎么搞出来的,6,billing_dispute
dispute_fault,封卡的原因不是我的原因,1,billing_dispute
dispute_fee,本金50000，扣了我50000块,1,billing_dispute
dispute_fees,利息没减掉,2,billing_dispute
dispute_interest,2000多是分期手续费,12,billing_dispute
dispute_interest_amount,额度一共才五万，利息都已经收了六七万,1,billing_dispute
dispute_irrelevant,不属于隔贷股东,1,billing_dispute
dispute_loan_terms,E招贷我没有申请分期,1,billing_dispute
dispute_over_charges,没给我减免，还是逾期,1,billing_dispute
dispute_over_delay,我就只晚了半天,1,billing_dispute
dispute_over_delinquency_period,逾期没到一个月,1,billing_dispute
dispute_over_installment,你们一直不给我那个方案,3,billing_dispute
dispute_overdue,5月份就……现在是几月份？现在是6月份。4月份没逾期嘛,5,billing_dispute
dispute_overdue_date,是5月26号才到那个逾期吗,1,billing_dispute
dispute_overdue_days,10来天,1,billing_dispute
dispute_overdue_duration,一个月而已，三个月而已,2,billing_dispute
dispute_overdue_period,2个月没有还？不就上个月没有还吗？,3,billing_dispute
dispute_overdue_record,从我逾期的第几天了，我大概我那边也有记录,2,billing_dispute
dispute_payment,不是还了吗,1,billing_dispute
dispute_payment_timing,5月份弄的，12月份才换了,2,billing_dispute
dispute_penalty,违约金我不接受,1,billing_dispute
dispute_plan,没有办理完成,1,billing_dispute
dispute_process,逾期的时候没有注办理,1,billing_dispute
dispute_status,有个账单，不是逾期了,3,billing_dispute
dispute_terms,上门办卡签字,15,billing_dispute
dispute_with_bank,为什么承认是你们的错误,5,billing_dispute
disputed_amount,一个9000多，一个88000多,5,hardship_unspecified
disputed_charge,120块钱被扣,13,hardship_unspecified
disputed_charges,太太息费乱收,8,hardship_unspecified
disputed_debt,分期不是自己做的,1,installment_request
disputed_fee,信用卡你们莫名其妙扣掉的费,3,hardship_unspecified
disputed_interest,利息超过当初说的400多,1,hardship_unspecified
disputed_offer,没有提过方案,1,hardship_unspecified
disputed_overdue,后期就没有了,1,hardship_unspecified
disputed_payment,10月24号还了,4,hardship_unspecified
disputed_repayment_terms,客服说是每个月返还,1,hardship_unspecified
disputed_verification,工作人员问是否女的接电话,1,hardship_unspecified
disputes_amount,总金额都没有34000,1,hardship_unspecified
disputing_credit_limit,从来就没有100000额度,2,hardship_unspecified
dissatisfaction,有不满,1,hardship_unspecified
dissatisfaction_with_offer,他说这样每个月还一点点，也解决不了问题,3,hardship_unspecified
distance_to_service_area,50多公里,1,hardship_unspecified
distraction,一直在开车,1,hardship_unspecified
distrust_third_party,网上催收都是这样骗人,1,hardship_unspecified
divorce,离婚,5,family_strain
divorced,他离婚了,3,family_strain
document_availability,我可以提供银行流水或失业登记,1,income_loss
document_provided,上传了病历和过号记录,2,hardship_unspecified
document_received,收到函件,1,hardship_unspecified
document_request,信用卡的超支领用合同,6,hardship_unspecified
documentation_available,失业证明有的，我欠款证明也有的,1,income_loss
documentation_difficulty,公司不可能开失业证明,2,income_loss
documentation_inquiry,询问是否有纸质文件,1,hardship_unspecified
doing_gig_work,骑着电动车去送快递,1,hardship_unspecified
domestic_conflict,打架,1,hardship_unspecified
down_payment,首付2594,1,hardship_unspecified
down_payment_proposal,首付方案,1,hardship_unspecified
driving,冻死时上不好注并行了,12,contact_difficulty
driving_highway,在高速上,1,contact_difficulty
driving_on_highway,开车在高速上面,1,contact_difficulty
due_date,10月20号到期,6,hardship_unspecified
due_date_amount,还款日6月23号是2588.61,1,hardship_unspecified
due_date_known,5月25号到期,2,hardship_unspecified
due_date_today,今天就是8号,1,hardship_unspecified
duration,一个多月,5,hardship_unspecified
duration_of_difficulty,2个月了,1,hardship_unspecified
duration_of_hardship,半年了,2,hardship_unspecified
duration_of_issue,5个月了,1,hardship_unspecified
duration_of_unemployment,有一年多了吧,1,hardship_unspecified
early_communication,没有逾期的时候就沟通,1,hardship_unspecified
early_contact,过了还款期两天打电话,1,hardship_unspecified
early_negotiation,提前协商,1,hardship_unspecified
early_payment_has_fees,提前结清我还要息费的,1,hardship_unspecified
early_payment_penalty,提前结清还要违约金,1,hardship_unspecified
early_repayment,提前还款,2,payment_track_record
early_repayment_penalty,分期提前还款有违约金,1,installment_request
earning_effort,努力挣钱,1,hardship_unspecified
earning_income,近两年在挣钱,1,hardship_unspecified
earning_money,在挣钱,2,hardship_unspecified
economic_difficulty,大环境不好,8,hardship_unspecified
economic_downturn,环境不是很好,1,income_loss
economic_environment,大环境不好,2,hardship_unspecified
economic_hardship,大环境不好,6,hardship_unspecified
education_expenses,上学,1,hardship_unspecified
effort_made,已经尽力,2,hardship_unspecified
effort_to_earn,我也想努力去赚钱,1,hardship_unspecified
effort_to_pay,已经尽量挪出来了,3,payment_track_record
effort_to_raise_funds,在努力的筹钱,1,hardship_unspecified
effort_to_repay,想尽办法还进去,3,payment_track_record
elderly_parent,父亲年龄大了,1,hardship_unspecified
elderly_parents,父母七八十岁了,1,family_strain
email_provided,留电子信箱,1,hardship_unspecified
embarrassed_to_ask,不好意思再找人,1,hardship_unspecified
emergency_contact_availability,应该有时候联系不上我。联系他是能够找得到我的,1,hardship_unspecified
emergency_contact_notified,紧急联系人已经联系了我的亲人,1,hardship_unspecified
emergency_contact_relation,我妈,1,hardship_unspecified
emergency_contact_relationship,紧急联系人是农商同事,2,hardship_unspecified
employed,上班,6,hardship_unspecified
employer,食品业装备有限公司,1,hardship_unspecified
employer_closure,公司跑路了,1,hardship_unspecified
employer_financial_difficulty,投资现在也不宽裕，不然的话也不会发工资不及时的,1,income_delay
employer_illness,物流公司老板生大病了,1,income_loss
employer_issue,上班的地方,1,hardship_unspecified
employer_issues,公司也出现了一些问题,1,hardship_unspecified
employer_name,上海永恒劳务派遣有限公司,2,hardship_unspecified
employer_type,国企,4,hardship_unspecified
employment,下个月就转正,7,hardship_unspecified
employment_discrimination,临时工也不要逾期的,1,income_loss
employment_effort,打了一天零工,1,income_loss
employment_history,11年365天都在上班,1,income_loss
employment_income,努力上班挣钱,1,income_loss
employment_issue,申请有问题,1,income_loss
employment_location,在山东济南的一家公司工作,2,income_loss
employment_status,上班,43,income_loss
end_date,到27年的6月7号,2,hardship_unspecified
environment_noise,在外面,1,hardship_unspecified
environmental_context,在坐车子,3,hardship_unspecified
environmental_issue,下大暴雨,1,hardship_unspecified
environmental_noise,在厨房噪声大,4,hardship_unspecified
error_confirmed_and_staff_punished,之前你们已经确认了，而且那个它已经得到处罚了,1,hardship_unspecified
evening_availability,七点钟以后,1,hardship_unspecified
event_timing,上个月月末,1,hardship_unspecified
evidence,有录音证据,1,hardship_unspecified
evidence_available,可以提供医院证明,3,hardship_unspecified
evidence_collection,录音,1,hardship_unspecified
evidence_offer,可以提供治疗信息和资料,1,hardship_unspecified
evidence_proof,住院证明、缴费单、病例,1,health_crisis
evidence_provision,可以给你提供住院材料,2,health_crisis
evidence_recorded,有录音,2,hardship_unspecified
ex_partner,以前有女朋友现在分手了,3,hardship_unspecified
ex_partner_financial_issue,前夫经济问题,1,hardship_unspecified
excessive_interest,被你们扣了好几期那个循环利息了,1,hardship_unspecified
exhausted_borrowing,亲戚朋友已借遍,14,debt_overwhelm
exhausted_borrowing_capacity,该借的都借了，现在没办法了,1,hardship_unspecified
exhausted_family_support,之前也是把家里都借过，但是现在确实也不好借了,1,family_strain
exhausted_options,已尽所有努力,4,debt_overwhelm
exhausted_resources,什么都还完了,5,debt_overwhelm
exhausted_support,紧急联系人已经帮我想过办法了,1,hardship_unspecified
existing_agreement,协商一个月还648,1,hardship_unspecified
existing_debt,以前滞留欠的钱没还,4,hardship_unspecified
existing_high_payment,每个月还七八千、六七千,1,hardship_unspecified
existing_installment,之前有分期,5,debt_inquiry
existing_installment_plan,分24期，每个月还500多,1,hardship_unspecified
existing_installment_unsolved,我之前办的那个就还还是解决不了,1,hardship_unspecified
existing_installments,有两笔分期,1,installment_request
existing_interest,之前分期的利率,2,installment_request
existing_plan,其他行办了60期,1,hardship_unspecified
expected_funding,今天下午会有朋友给我打款,1,hardship_unspecified
expected_funds,今天下午可能给我,10,income_delay
expected_future_funds,之前跟们说的他说这个月20号左右跟我给我搞一点钱,2,hardship_unspecified
expected_grace_period,还了这2000多之后吧，然后一直应该是到5月份不用还，然后到6月份再还,1,hardship_unspecified
expected_income,别人有欠我一笔，可能会大几千,16,income_delay
expected_income_delayed,客户的钱没到,2,income_delay
expected_inflow,朋友欠我几千块钱,1,hardship_unspecified
expected_no_charge,减掉之后，到6月份之前没有，不能再有其他费用了,2,hardship_unspecified
expected_payment,下午四点到账,2,hardship_unspecified
expected_repayment,人家那个钱他又没还我,2,hardship_unspecified
expected_repayment_timeline,大概需要半年回账,1,hardship_unspecified
expected_resolution,大概这个星期会解决,1,hardship_unspecified
expected_unfreeze_date,这个月15号左右全解封,1,hardship_unspecified
expense,租房吃饭2000多,1,hardship_unspecified
expense_details,充卡,3,hardship_unspecified
expense_increase,开销也大了,2,expense_pressure
expense_obligation,给孩子交教育机构,1,hardship_unspecified
expenses,交租金,4,expense_pressure
explaining_difficulty,讲我目前的困难,1,hardship_unspecified
expressed_willingness,真的是非常有意愿去还的,1,hardship_unspecified
extension_request,时间上面再长一点,1,hardship_unspecified
external_assistance,朋友晚点会给帮助,1,hardship_unspecified
external_compensation,总公司想办返现，解决一部分,1,hardship_unspecified
external_compensation_delayed,总公司在核算，人太多,9,income_delay
external_constraint,人家也是规定公司里面打款时间的,1,hardship_unspecified
external_debt,100多万,18,debt_overwhelm
external_debt_receivable,别人差了不少钱，我也在收,3,hardship_unspecified
external_debt_recovery,要等月底别人还钱,2,hardship_unspecified
external_debt_uncollected,人欠我钱跑了,7,debt_overwhelm
external_debt_unrecoverable,外面的钱要不回来,1,hardship_unspecified
external_debtor_issue,政府没有钱给我们,1,hardship_unspecified
external_difficulty,大环境不好,1,hardship_unspecified
external_disruption,中考，很多没办法生产,1,hardship_unspecified
external_economic_difficulty,现在这个大环境不好，他们现在也不稳定,1,hardship_unspecified
external_event,疫情,1,hardship_unspecified
external_factor,从过完年之后这个直接这个AI环境影响,3,hardship_unspecified
external_financial_shock,信合抽贷,1,hardship_unspecified
external_pressure,当时人催得急,1,hardship_unspecified
extreme_financial_hardship,吃饭的钱都还没有,2,hardship_unspecified
face_concern,这个还是要脸,1,hardship_unspecified
failed_borrowing,转了一圈儿，没借到太多的钱,1,hardship_unspecified
failed_borrowing_attempt,我弄不着，那我那500块钱，我这打了一晚上电话,2,hardship_unspecified
failed_borrowing_attempts,电话打了还没用,2,hardship_unspecified
failed_installment_application,申请分期没通过,1,installment_request
failed_negotiation,还了之后协商还款和账单分期没成功,3,installment_request
failed_recovery,没收回来,1,hardship_unspecified
failed_to_borrow,昨天到处找人没办法,3,hardship_unspecified
failed_to_raise_funds,凑钱没凑进去,3,hardship_unspecified
family_accident,家里人摔倒,4,family_strain
family_assistance,家里筹钱,1,family_strain
family_aware,办理的信用卡家里面知道,1,family_strain
family_awareness,家人不知情,20,family_strain
family_burden,两个小孩,6,family_strain
family_business,家人做生意,1,family_strain
family_business_loss,父亲做生意未回本,2,family_strain
family_care,照顾他,2,family_strain
family_care_responsibility,90多岁的老母亲没人照顾,1,family_strain
family_caregiving,他儿子在照顾，也没有出去做事,1,family_strain
family_checked_credit_report,妈妈拉了我的征信看了,1,family_strain
family_collapse,家也没了,1,family_strain
family_communication,家人已沟通,2,family_strain
family_conflict,沟通不太好,2,family_strain
family_crisis,妻子离婚,3,family_strain
family_death,他前两天刚过世,3,family_strain
family_debt,家庭债务,2,expense_pressure
family_dependency,他们都要靠我养活,4,family_strain
family_dependents,一个上高中,20,family_strain
family_difficulty,家里有困难,1,family_strain
family_disconnection,半年没联系,3,family_strain
family_discussion,有跟她说,3,family_strain
family_elderly,家人年龄太大,2,family_strain
family_emergency,两个老人重病,36,family_strain
family_event,儿子不是这2天高考嘛,3,family_strain
family_expense,两个小孩得上学,5,expense_pressure
family_expenses,一家人的开销要5000多块钱,15,expense_pressure
family_finance,房贷是您爱人在负责,1,expense_pressure
family_financial_burden,小孩一岁多要买奶粉,2,expense_pressure
family_financial_change,家里人2个月换了一期,1,expense_pressure
family_financial_constraint,父母帮不上,1,expense_pressure
family_financial_difficulty,他们也有自己的难处,2,expense_pressure
family_financial_exhaustion,家里所有的钱全部拿完了,1,expense_pressure
family_financial_hardship,他们也是没有能力,8,expense_pressure
family_financial_limit,妈妈要留生活费,1,expense_pressure
family_financial_responsibility,父亲是共同还款人,1,expense_pressure
family_health_issue,太太慢性病,7,family_strain
family_hiding,不敢让家里人知道,1,family_strain
family_illness,两个都生病了,83,family_strain
family_income,妈妈工资一两千,2,expense_pressure
family_informed,提前跟他们都说了,1,family_strain
family_involvement,父母收函,2,family_strain
family_issue,孩子住院,17,family_strain
family_issues,家事,8,family_strain
family_living_situation,一家老小都住在这里,3,family_strain
family_loss,公夫都没有了,1,family_strain
family_medical_crisis,父亲做了个大手术，半高位截瘫,1,family_strain
family_medical_emergency,人在医院住院,2,family_strain
family_medical_expense,母亲心脏搭桥手术,1,family_strain
family_medical_issue,家里有人住院,2,family_strain
family_member_present,我妈还在,1,family_strain
family_non_disclosure,我年龄大了，也不想跟他们说,1,family_strain
family_not_at_home,没有,1,family_strain
family_not_involved,家人没有任何关系,1,family_strain
family_obligation,家里要生活,3,family_strain
family_accident,家里人摔倒,4,family_strain
family_assistance,家里筹钱,1,family_strain
family_aware,办理的信用卡家里面知道,1,family_strain
family_awareness,家人不知情,20,family_strain
family_burden,两个小孩,6,family_strain
family_business,家人做生意,1,family_strain
family_business_loss,父亲做生意未回本,2,family_strain
family_care,照顾他,2,family_strain
family_care_responsibility,90多岁的老母亲没人照顾,1,family_strain
family_caregiving,他儿子在照顾，也没有出去做事,1,family_strain
family_checked_credit_report,妈妈拉了我的征信看了,1,family_strain
family_collapse,家也没了,1,family_strain
family_communication,家人已沟通,2,family_strain
family_conflict,沟通不太好,2,family_strain
family_crisis,妻子离婚,3,family_strain
family_death,他前两天刚过世,3,family_strain
family_debt,家庭债务,2,expense_pressure
family_dependency,他们都要靠我养活,4,family_strain
family_dependents,一个上高中,20,family_strain
family_difficulty,家里有困难,1,family_strain
family_disconnection,半年没联系,3,family_strain
family_discussion,有跟她说,3,family_strain
family_elderly,家人年龄太大,2,family_strain
family_emergency,两个老人重病,36,family_strain
family_event,儿子不是这2天高考嘛,3,family_strain
family_expense,两个小孩得上学,5,expense_pressure
family_expenses,一家人的开销要5000多块钱,15,expense_pressure
family_finance,房贷是您爱人在负责,1,expense_pressure
family_financial_burden,小孩一岁多要买奶粉,2,expense_pressure
family_financial_change,家里人2个月换了一期,1,expense_pressure
family_financial_constraint,父母帮不上,1,expense_pressure
family_financial_difficulty,他们也有自己的难处,2,expense_pressure
family_financial_exhaustion,家里所有的钱全部拿完了,1,expense_pressure
family_financial_hardship,他们也是没有能力,8,expense_pressure
family_financial_limit,妈妈要留生活费,1,expense_pressure
family_financial_responsibility,父亲是共同还款人,1,expense_pressure
family_health_issue,太太慢性病,7,family_strain
family_hiding,不敢让家里人知道,1,family_strain
family_illness,两个都生病了,83,family_strain
family_income,妈妈工资一两千,2,expense_pressure
family_informed,提前跟他们都说了,1,family_strain
family_involvement,父母收函,2,family_strain
family_issue,孩子住院,17,family_strain
family_issues,家事,8,family_strain
family_living_situation,一家老小都住在这里,3,family_strain
family_loss,公夫都没有了,1,family_strain
family_medical_crisis,父亲做了个大手术，半高位截瘫,1,family_strain
family_medical_emergency,人在医院住院,2,family_strain
family_medical_expense,母亲心脏搭桥手术,1,family_strain
family_medical_issue,家里有人住院,2,family_strain
family_member_present,我妈还在,1,family_strain
family_non_disclosure,我年龄大了，也不想跟他们说,1,family_strain
family_not_at_home,没有,1,family_strain
family_not_involved,家人没有任何关系,1,family_strain
family_obligation,家里要生活,3,family_strain
family_reason,孩子刚出生,3,family_strain
family_relation,周辣梅是我的母亲,5,family_strain
family_responsibility,一个人养孩子,38,family_strain
family_separation,他有他的家庭，跟我相不相干,1,family_strain
family_situation,两个老人赡养,35,family_strain
family_status,三个小孩,15,family_strain
family_structure,他有子女,3,family_strain
family_support,娃一直陪着我,7,family_strain
family_support_burden,一家人的开销要5000多块钱,2,family_strain
family_support_stopped,现在他们没能力再帮我还了,1,family_strain
family_support_unavailable,家人知道但帮不到,2,family_strain
family_unable_to_help,他们能帮我我早就还了,2,family_strain
family_unavailable,家里没人了,1,family_strain
family_unaware,家人不知情,8,family_strain
fatigue,太累了,2,hardship_unspecified
fear_future_default,那我第二次逾期呢？它次逾期了不是更麻烦吗,1,hardship_unspecified
fear_of_consequences,不想走到那一步,2,hardship_unspecified
fear_of_default,二次逾期,2,hardship_unspecified
fear_of_failure,害怕自己会有完不成的状况,1,hardship_unspecified
fear_of_lawsuit,我也不想把事情闹到最后一个座理来起诉我,1,legal_pressure
fear_of_penalty,怕罚息,2,hardship_unspecified
fear_of_redefault,担心二次逾期,1,hardship_unspecified
fear_of_relief_reversal,减免11000块钱的利息，到时候又全部加进去,1,hardship_unspecified
fear_of_scam,看他们上被诈骗我都没管,1,hardship_unspecified
fee_amount,费用金额,1,hardship_unspecified
fee_clarification,循环利息、违约金是从24号到现在产生的,1,hardship_unspecified
fee_confirmation,此次逾期产生的违约金,1,hardship_unspecified
fee_dispute,20000块钱逾期了5000左右就给我800多块钱的利息,13,hardship_unspecified
fee_history,2月份有违约金和循环利息,1,hardship_unspecified
fee_inquiry,1750还有27块多,10,hardship_unspecified
fee_issue,逾期费用未减免,1,hardship_unspecified
fee_too_high,太高了,1,hardship_unspecified
fee_type,循环利息,2,hardship_unspecified
fee_waiver,违约金减免,2,hardship_unspecified
fee_waiver_inquiry,之前那个利息违约金能减免吗,4,hardship_unspecified
fees_not_waived,违约金息费未减免,1,hardship_unspecified
financial_background,我是银行出身的,1,hardship_unspecified
financial_capability,几千块钱是应该弄得到,3,hardship_unspecified
financial_capacity,可以承担利息,1,hardship_unspecified
financial_constraint,我现在这个付出限制，包括那个保管外车也是没办法,1,hardship_unspecified
financial_dependence,我现在都是靠朋友,1,hardship_unspecified
financial_deterioration,2月份3月份财务状况还没有这么糟糕，现在一下子变糟糕了,2,hardship_unspecified
financial_difficulty,情况严峻,1,hardship_unspecified
financial_hardship,100000多块没钱还,3506,hardship_unspecified
financial_hardship_duration,去年到今年,1,hardship_unspecified
financial_hardship_of_acquaintances,朋友年龄小没钱,1,hardship_unspecified
financial_hardship_of_others,他们本身自己的经济也不好,2,hardship_unspecified
financial_instability,不敢答应每期有固定钱存进去,7,hardship_unspecified
financial_knowledge,研究金融,1,hardship_unspecified
financial_limitation,最多能承受2000块钱,1,hardship_unspecified
financial_loss,亏钱,11,expense_pressure
financial_manipulation,开通想补息钱的概念维持账务,1,hardship_unspecified
financial_obligation,两套房贷需要还,6,hardship_unspecified
financial_planning,打算先存钱,2,hardship_unspecified
financial_pressure,每个月都要利息,1,hardship_unspecified
financial_strain,还款有压力,1,hardship_unspecified
financial_stress,压力有点大,1,hardship_unspecified
first_contact,第一次接你电话,3,hardship_unspecified
first_delinquency,第一次逾期,1,hardship_unspecified
first_time_borrower,第一次贷款,2,hardship_unspecified
first_time_default,以前没有欠过,4,hardship_unspecified
first_time_delinquency,之前从来没有逾期过,4,hardship_unspecified
first_time_difficulty,第一次有困难,1,hardship_unspecified
first_time_overdue,从来没有过嘛，也就上个月剩下来几千块钱跟这个月吧,9,hardship_unspecified
fixed_expenses,家里还要开固定开支,1,family_strain
fixed_income,工资是死数,1,income_delay
follow_up_failed,再申请一下没信了,1,hardship_unspecified
force_majeure,车辆全损是不可抗因素,1,hardship_unspecified
forced_default,做不了，那我只能逾期了,1,hardship_unspecified
forced_loan,被要求必须贷款买车,1,hardship_unspecified
forced_settlement,不是主动提前结清,3,hardship_unspecified
forget_payment,忘记分期还款,2,installment_request
forget_to_pay,账单忘记还款,1,hardship_unspecified
forgetfulness,E招贷这个我忘都忘记了,14,hardship_unspecified
forgot,忘了,1,hardship_unspecified
forgot_card_number,这要卡号，唉，我不记得,2,hardship_unspecified
forgot_due_date,忘了,4,hardship_unspecified
forgot_installment,忘记办理过分期,1,installment_request
forgot_minimum_payment,以为还完了,3,hardship_unspecified
forgot_password,密码我忘记了,1,hardship_unspecified
forgot_payment,23号我忘记了,4,hardship_unspecified
former_banker,我也是做银行出身的,1,hardship_unspecified
found_job,找了工作,3,income_loss
fraud_amount,两万多,2,hardship_unspecified
fraud_case_pending,一个多月了,2,hardship_unspecified
fraud_claim,我是被诈骗,4,hardship_unspecified
fraud_location,外地的,1,hardship_unspecified
fraud_loss,家里被骗20多万,1,family_strain
fraud_or_mismanagement,董事长转移资金,1,hardship_unspecified
fraud_victim,上个月被骗的,29,hardship_unspecified
freeze_date,21号冻结的,2,account_restriction
freeze_duration,两个星期左右,1,account_restriction
freeze_timeline,10号应那不会超过15号事情就冻结了,1,account_restriction
frequent_calls,一天十几个电话打过来,6,hardship_unspecified
frequent_installments,每次使用贵行信用卡的时候，我都做了很多分期,1,installment_request
frequent_moves,不断的在搬家,2,hardship_unspecified
friend_awareness,朋友知道欠款,1,hardship_unspecified
friend_left,朋友去外地,1,hardship_unspecified
friend_pending_reply,明后天给我答复,1,hardship_unspecified
friend_relation,姚志强是朋友,1,hardship_unspecified
friend_relationship,关系还可以,1,hardship_unspecified
friend_unreachable,联系不上朋友,2,hardship_unspecified
frozen_prevent_payment,你给我封了，我怎么还,1,account_restriction
full_payment,全部压加到了，我全部都还上去了,1,payment_track_record
full_payment_plan,明天到账还进去,3,hardship_unspecified
full_repayment,15000还清了,3,payment_track_record
full_repayment_intent,尽量把它全部结清,3,payment_track_record
full_repayment_plan,钱到了全额还款,1,hardship_unspecified
fund_delay,钱晚一周到账,1,hardship_unspecified
fund_misallocation_concern,其他贷款扣走,1,hardship_unspecified
fund_transfer,把农行卡钱转到信用卡,1,hardship_unspecified
funding_failure,没借到,2,hardship_unspecified
funding_obstacle,怕还进去被划扣,1,hardship_unspecified
fundraising,筹钱,3,hardship_unspecified
fundraising_failed,早上没筹到钱,1,hardship_unspecified
fundraising_failure,钱没有借到,1,hardship_unspecified
fundraising_uncertainty,不确定能筹得到,1,hardship_unspecified
funds_arrival_delay,资金要月底才会到账,1,hardship_unspecified
funds_availability,有10天10000多,1,hardship_unspecified
funds_available,7号就打过来了,4,hardship_unspecified
funds_deducted,钱没了1000多,2,hardship_unspecified
funds_delayed,他下午给我转过来,11,income_delay
funds_frozen,平台11月18号至今未解封,4,hardship_unspecified
funds_frozen_or_deducted,有一点点钱在支付宝上面别人都会扣掉,1,hardship_unspecified
funds_inaccessible,钱在香港，人在大陆,1,hardship_unspecified
funds_invested_elsewhere,另外一个资金投入了,1,hardship_unspecified
funds_irrecoverable,已经退不回来了,1,hardship_unspecified
funds_location,钱在我微信上,2,hardship_unspecified
funds_lost,农产品把我们的资金全部给我们注销了,4,hardship_unspecified
funds_misallocated,招行贷款扣走,6,hardship_unspecified
funds_misappropriated,凑了点钱被别的公司扣走了,3,hardship_unspecified
funds_not_available,15号左右到,11,income_delay
funds_not_ready,钱没到位,1,hardship_unspecified
funds_not_received,我的钱没到账,14,income_delay
funds_not_recovered,钱还没要回来,2,hardship_unspecified
funds_obtained,借到了,1,hardship_unspecified
funds_pending,周转没到,7,income_delay
funds_ready,基本上没什么问题了,1,hardship_unspecified
funds_received,刚给我转过来,1,hardship_unspecified
funds_source,最晚下午给我,1,hardship_unspecified
funds_tied_up,资金全垫出去了和借出去了,1,hardship_unspecified
funds_timing,下午5点左右,3,hardship_unspecified
funds_transfer_delay,钱提现估计有点慢,1,hardship_unspecified
funds_transferred_to_family,钱转给父亲做生意,1,hardship_unspecified
funds_trapped,我的钱都在里面,4,hardship_unspecified
funds_unavailable,像朋友都没借到,4,hardship_unspecified
funds_uncertain,不确定今天一定能出来,1,hardship_unspecified
funds_unused,没用,1,hardship_unspecified
funds_used_for_family,钱转给父亲做生意,1,expense_pressure
futility_perception,借钱还进去也只是还到利息里面去了,1,hardship_unspecified
future_ability,下个月我是可以还款的,5,hardship_unspecified
future_ability_to_pay,应该能还上,1,hardship_unspecified
future_action_promise,我先晚上,2,hardship_unspecified
future_availability,明天或后天回家,1,hardship_unspecified
future_borrowing_plan,下个周周一，我给我一个朋友答应说借给我,2,hardship_unspecified
future_collection,我到时候回好了可以去拿,1,hardship_unspecified
future_commitment,后面的我再慢慢还,2,hardship_unspecified
future_contact,我但凡好一点儿的，我会主动去联系你们,3,hardship_unspecified
future_default,未来还是会逾期,1,hardship_unspecified
future_employment_plan,我马上会去找工作,2,hardship_unspecified
future_full_payment,到15号把钱全部还上去,2,hardship_unspecified
future_full_payment_plan,8月份全部解套后还清,1,hardship_unspecified
future_funding,到8月底，还有10月，这2个月回来资金,7,income_delay
future_funding_source,13号、17号会有,1,hardship_unspecified
future_funds,款项，它最快也要11号中午才能到,1,hardship_unspecified
future_improvement,下月就好了,1,hardship_unspecified
future_inability,我到了8月份还是还不上，怎么办呢,1,hardship_unspecified
future_inability_to_pay,后边我还不了话,1,repayment_inability
future_income,10号会有钱,53,income_delay
future_income_delay,可能要等到8月份可能才能有,1,hardship_unspecified
future_income_expectation,发工资了,3,income_delay
future_income_expected,明天估计应该会有一点,1,hardship_unspecified
future_income_plan,后面上班，有钱了我就还,5,income_delay
future_income_recovery,8月份收入可以恢复到8000,1,income_delay
future_income_timing,我得到20号到25号才有钱,1,hardship_unspecified
future_income_uncertainty,过几个月可能才有,1,hardship_unspecified
future_lump_sum,一把还上,2,hardship_unspecified
future_negotiation,9月份我要是有压力了，完咱们再协商,1,hardship_unspecified
future_payment,15号会到款,4,hardship_unspecified
future_payment_ability,周末能还8000,1,hardship_unspecified
future_payment_amount,后续每月还款五六千,1,hardship_unspecified
future_payment_concern,8月份开始每个月要还最少一两千多,1,hardship_unspecified
future_payment_date,13号左右、14号的样子,4,hardship_unspecified
future_payment_inquiry,15000多还完之后,2,hardship_unspecified
future_payment_intent,我有钱，直接还你们就完事了,2,hardship_unspecified
future_payment_plan,12月份还上,19,hardship_unspecified
future_payment_promise,10号肯定能还,21,hardship_unspecified
future_payment_timeline,3个月,2,hardship_unspecified
future_plan,12号以后,30,hardship_unspecified
future_planning,我后面再去接……期间会再想想办法,1,hardship_unspecified
future_priority,以后有钱我优先招行的,1,hardship_unspecified
future_promise,得等3天,4,hardship_unspecified
future_repayment_intent,以后恢复的很好,4,hardship_unspecified
future_repayment_plan,以后等把那个你们这边都结清之后我再在，再再申请办理你们这个卡,11,hardship_unspecified
future_resolution,卡解封后就能处理,2,hardship_unspecified
future_resolution_timeline,预计8-9月解决,1,hardship_unspecified
future_uncertainty,8月份我还没有一个稳定的工作,1,hardship_unspecified
future_usage_intent,后面还完了以后能用,1,hardship_unspecified
future_willingness,有能力会主动协商,1,hardship_unspecified
future_work_plan,把自己事情解决后多跑单,1,hardship_unspecified
geographic_distance,2000公里,1,hardship_unspecified
gig_work,不是兼职打零工了,2,income_loss
goal,想拿到大本,1,hardship_unspecified
good_credit_history,10多年，我在招商银行的信用是很好的，我从未逾期,35,payment_track_record
good_history,一直我也没有过,24,payment_track_record
good_payment_history,一直按时还款,20,payment_track_record
good_record,从未逾期,3,hardship_unspecified
government_funds,政府给我打过来的钱,2,hardship_unspecified
government_relief_policy,国家有纾困政策,1,hardship_unspecified
government_subsistence_allowance,政府给开的最低保障,1,hardship_unspecified
grace_period,宽松3天到29号,1,hardship_unspecified
gradual_repayment,边挣边还,1,hardship_unspecified
group_affected,总共26个人出现这个情况,2,hardship_unspecified
growing_balance,账单越浮越高,1,hardship_unspecified
harassing_calls,一天800个电话,2,hardship_unspecified
harassment,一天十几个电话打过来,6,hardship_unspecified
harassment_calls,太多骚扰电话没接,2,collection_grievance
harassment_complaint,12点多打电话把我骂了一顿,31,collection_grievance
harassment_experience,之前有接到别人的骚扰的电话,1,collection_grievance
harassment_perception,你们一天打了五六个电话,1,collection_grievance
hardship_evidence,可以提供失业证明或病例证明,1,income_loss
hardship_request,叫你们缓3个月，我继续找工作,1,hardship_unspecified
has_ability_to_pay,有还款能力,1,hardship_unspecified
has_app_access,下载APP,1,hardship_unspecified
has_asset,我还有个房子呢，可能把它拍卖了，还能值一点钱,4,hardship_unspecified
has_asset_with_debt,有一辆车，还在还贷款,1,hardship_unspecified
has_asset_with_loan,有有有一个贷款车,1,hardship_unspecified
has_assets,房子100多平,3,hardship_unspecified
has_bank_app,有招商银行,1,hardship_unspecified
has_children,有,1,hardship_unspecified
has_funds,卡里有钱,16,debt_overwhelm
has_hardship_documentation,我给别的银行提供的那、那个就是家庭情况说明,1,hardship_unspecified
has_house,有房,1,hardship_unspecified
has_income,收入稳定并且持续上涨,4,income_delay
has_intention,有还款的意向,1,hardship_unspecified
has_job,有,4,hardship_unspecified
has_lawyer,我也会让我的律师团队来跟他联系的,2,hardship_unspecified
has_made_payment,这个月还了,2,hardship_unspecified
has_mortgage,房贷在还,1,hardship_unspecified
has_not_refused_payment,说过我不还了吗,1,hardship_unspecified
has_other_account,还有一张储蓄卡,1,hardship_unspecified
has_partial_funds,我现在有6000多,1,hardship_unspecified
has_police_report,有,1,hardship_unspecified
has_proof,有有有有证明,1,hardship_unspecified
has_recording,我有录音录明的,1,hardship_unspecified
has_side_business,有副业,1,hardship_unspecified
has_work_ability,有劳动能力,1,hardship_unspecified
health_condition,半身不遂,1,health_crisis
health_crisis,会复发,4,health_crisis
health_issue,一金发有家身请不舒服,80,health_crisis
health_issues,身体不太好,1,health_crisis
health_ok,说款没问题,1,health_crisis
hearsay_negotiation,朋友说可以协商还款只还本金,1,hardship_unspecified
high_cost_of_living,1月生活成本……就5000多啊……不止,2,hardship_unspecified
high_daily_penalty,逾期每个时几百现在,1,hardship_unspecified
high_debt,太多了,5,debt_overwhelm
high_fees,分期罚息利息十几万,3,installment_request
high_interest,八年利息超过授信额度,28,hardship_unspecified
high_interest_charges,利息扣了多少,3,hardship_unspecified
high_interest_claim,招行赚了我好几万,1,hardship_unspecified
high_interest_complaint,你们招商银行在我身上已搞了多少钱,9,hardship_unspecified
high_interest_paid,循环利息很多,1,hardship_unspecified
high_interest_rate,年化利率比较高,1,hardship_unspecified
high_monthly_payment,招商月还金额太高,2,hardship_unspecified
high_penalty,违约金1000多,1,hardship_unspecified
high_temporary_limit,临时额度很多,1,hardship_unspecified
higher_installment,后12期每期还1300,1,hardship_unspecified
historical_inability_to_pay,上个月就还不了,1,repayment_inability
historical_status,以前基本上没有循环利息,1,hardship_unspecified
history_of_payment,一直在还，每个月还,2,payment_track_record
holiday_expense,过年的时候我，我在老家，然后有买一些,2,hardship_unspecified
homelessness,流浪,1,expense_pressure
hospitalization,14号入的院，6月1号出的院,7,hardship_unspecified
house_intended_for_marriage,之前就准备以后结婚用,1,asset_situation
house_low_value,老家房子不值钱,1,asset_situation
house_size,92个平方,2,asset_situation
house_total_price,总价100170多,1,asset_situation
house_unfinished,房子是毛坯房,1,asset_situation
house_unoccupied,没有人住,1,asset_situation
housing_concern,先把房保住,2,hardship_unspecified
housing_crisis,明天给我锁门，停水停电，让我搬走,1,hardship_unspecified
housing_expense,一万多块钱的房租,4,expense_pressure
housing_instability,一个胡同里面一个大杂院,8,expense_pressure
housing_issue,房子占供,2,expense_pressure
housing_preservation,保房,2,hardship_unspecified
housing_priority,要保住房子,1,hardship_unspecified
housing_subsidy,申请廉租房,1,hardship_unspecified
housing_underwater,房子资不抵债,1,hardship_unspecified
id_lost,我身份证丢失也没换呢,2,hardship_unspecified
identity,法人,1,hardship_unspecified
identity_change,我是香港人，我是香港身份证,2,hardship_unspecified
identity_confirmation,后四位是0032,3,hardship_unspecified
identity_dispute,不是我开的,1,hardship_unspecified
identity_doubt,不知道您是催收还是银行工作人员,1,hardship_unspecified
identity_info,2313,3,hardship_unspecified
identity_question,质疑对方身份是内催还是外包,1,hardship_unspecified
identity_reference,三保处,1,hardship_unspecified
identity_verification,身份证真实,1,hardship_unspecified
illness,上个月的19号又二次入院,64,health_crisis
immediate_action,马上处理,1,hardship_unspecified
immediate_inability,今天没法还多少,2,hardship_unspecified
immediate_inability_to_pay,今天筹不到钱,2,hardship_unspecified
immediate_payment,钱今天早上一定要划过去,1,hardship_unspecified
immediate_payment_difficulty,今天七点肯定有困难,1,hardship_unspecified
immediate_payment_obligation,当下需要去还这个582,1,hardship_unspecified
immediate_repayment_commitment,我今天先把这个8000多的事情解决了,1,hardship_unspecified
immediate_response,昨天就还了,2,hardship_unspecified
imminent_default,快逾期了,1,hardship_unspecified
impending_divorce,马上就快不是了,1,hardship_unspecified
in_bank,在银行办,1,hardship_unspecified
in_process,在处理,2,hardship_unspecified
in_progress,已经在处理了,1,hardship_unspecified
in_progress_payment,正在处理,1,hardship_unspecified
inability_to_borrow,借不到钱,5,repayment_inability
inability_to_commit,我现在承诺啥，我也承诺不了啥,1,repayment_inability
inability_to_meet_terms,查分期的这个调整方案我确实操作……在我的能力范围内也没有达成,1,repayment_inability
inability_to_pay,1000块钱也还不了,124,repayment_inability
inability_to_pay_full,没有能力一次性还清,1,repayment_inability
inability_to_pay_lump_sum,后续如果是要一下子，那我绝对是还不上的,1,repayment_inability
inability_to_pay_today,今天之内还不了,2,repayment_inability
income,4000块钱,18,hardship_unspecified
income_5000,工资5000多,1,income_delay
income_amount,1900,17,income_reduction
income_available,刚赚了500块钱,1,income_delay
income_based_repayment,只能发工资了，有多少还多少,1,income_delay
income_change,之前一个人上班,2,income_delay
income_change_time,上个月,1,income_delay
income_decline,今年这个工作上也是,20,income_reduction
income_decrease,今年工作不好做，工资也在降,18,income_reduction
income_delay,10号左右吧，应该是明天,15,income_delay
income_delayed,兼职那边收入一直没发,1,income_delay
income_dependent,跟收入有关,1,income_delay
income_details,一天最多跑十单，单价13元，电车充电,1,income_delay
income_disruption,客户那边出了点问题,2,income_delay
income_effort,在想办法去赚钱,1,income_delay
income_expected,这个月差不多能发个四五千,1,income_delay
income_fluctuation,有时候6000多，7000多也有,1,income_delay
income_halved,收入折半,1,income_delay
income_improvement,增加收入,1,income_delay
income_info,外面工作17000块钱1个月,1,income_delay
income_instability,5月份也才做了半个月的工,26,income_reduction
income_insufficient,工资完全覆盖不了负债,3,income_delay
income_irregular,3月份发嘛，这到现在就一次工资,4,income_delay
income_irregularity,做生意不是拿固定工资,2,income_delay
income_issue,工资出现问题了,2,income_reduction
income_level,一个月三四千工资,10,income_delay
income_limitation,未来的这么几个月甚至一年多的时间里面，我可能每个月的收入也就是10000块钱左右,1,income_delay
income_loss,之前有收入，现在没了,7,income_delay
income_low,1个月工资才8000,2,income_delay
income_ok,家庭收入没问题,1,income_delay
income_problem_duration,出问题一个多月了,1,income_delay
income_proof,这是我的个人所得税，对，是的，我是从个人所得税这个软件里边儿弄的,1,income_delay
income_range,千多，4000多,1,income_delay
income_received,工资发过了,1,income_delay
income_reduction,上个月基本工资都没发，发过来就只有1900多块钱,17,income_reduction
income_restriction,工资这边吧，就只能是一部分,1,income_delay
income_schedule,10号发工资是5000块钱,1,income_delay
income_shared,两个人加起来一个月才能有这些钱,1,income_delay
income_source,15号要发工资，应该发20000多,24,income_reduction
income_source_loss,社料宝关闭,1,income_delay
income_stability,现在收入稳定至少半年,1,income_delay
income_statement,上个月工资发了6000多块钱,4,income_reduction
income_status,还可以,1,income_delay
income_timing,15号发工资,19,income_reduction
income_uncertainty,下半年收入不确定,4,income_delay
incomplete_information,他只给我说首期还2000多，后面没说,1,hardship_unspecified
incomplete_materials,我大概找了找也不全,1,hardship_unspecified
inconsistent_info,上次我把这个事情跟你们另外一个客服也说了，他给我又是另外一个解释,2,hardship_unspecified
inconvenient_call,环境无法接电话,2,hardship_unspecified
inconvenient_communication,说话不方便,1,hardship_unspecified
inconvenient_location,在外面不方便,1,hardship_unspecified
increasing_amount,金额越来越高,1,hardship_unspecified
increasing_debt,越还越多,1,hardship_unspecified
industry,做电子产品,4,income_loss
industry_collapse,我们拍短剧的90%多的人都已经失业下岗了,1,income_loss
industry_context,做家居类生意,2,hardship_unspecified
industry_downturn,建筑行业不好,3,income_loss
industry_knowledge,你们要等我们逾期了才能谈得成,2,hardship_unspecified
inexperience,第一次办这个，我也不懂这个,1,hardship_unspecified
information_gap,总欠款APP我也看不到,1,hardship_unspecified
information_mismatch,你们之前没有跟我讲过要提供这个东西,3,hardship_unspecified
information_provided,我在咱们银行都留有信息,1,hardship_unspecified
information_refusal,信息的话也没什么用,1,hardship_unspecified
information_source,网上查的,1,hardship_unspecified
initiated_contact,主动跟你们打过电话联系过,1,hardship_unspecified
initiative_negotiation,主动协商还款,1,hardship_unspecified
injury,肋骨骨折,6,hardship_unspecified
injury_illness,从3月份就开始出的事情,4,health_crisis
inquire_balance,询问总额度,2,debt_inquiry
inquire_installment,询问分期期数,1,installment_request
inquire_plan,询问第三个方案,1,hardship_unspecified
instability,我不稳定,1,hardship_unspecified
installment,分期,1,installment_request
installment_agreed,已经跟你们做了分期,4,installment_request
installment_amount,一个500多的,4,installment_request
installment_amount_query,分的话是分多少？还是10000多吗？,1,installment_request
installment_count,五笔分期,1,installment_request
installment_denied,打电话分期不通过,1,installment_request
installment_inquiry,分几期的,2,installment_request
installment_interest,分期利息4132.83,2,installment_request
installment_limit,可分期金额16000多,1,installment_request
installment_plan,11期,16,installment_request
installment_principal,分期本金35930.93,2,installment_request
installment_proposal,20次还清,3,installment_request
installment_remaining,分还有三年,1,installment_request
installment_request,个性化分期,8,installment_request
installment_status,分期没几期了,1,installment_request
installment_term,分3年,1,installment_request
installment_terms,个性化分期最长可分60期,1,installment_request
insufficient_funds,借记卡余额不足,6,hardship_unspecified
insufficient_funds_on_due_date,当天没存够,1,hardship_unspecified
insurance_claim,保险修车,1,income_delay
insurance_communication,要和保险公司沟通,1,hardship_unspecified
insurance_issue,买保险,1,hardship_unspecified
insurance_lapse,保险过保,2,hardship_unspecified
insurance_payment_chain,保险公司打款后才能还钱,2,hardship_unspecified
insurance_suspended,医保和社保去年10月暂停,1,hardship_unspecified
integrity_concern,我这种口头答应后面又还不上的，对你们来说我也是失信的,1,hardship_unspecified
intended_repayment,本来今天晚上想还的,1,hardship_unspecified
intended_to_pay,借给我了我要还进去,2,hardship_unspecified
intent_to_clear_all_assets,把我名下的所有东西全部清掉,1,hardship_unspecified
intent_to_close_account,销掉,1,hardship_unspecified
intent_to_earn,努力赚钱,1,hardship_unspecified
intent_to_earn_for_repayment,我得赚钱还你们,1,hardship_unspecified
intent_to_pay,不是不还,10,hardship_unspecified
intent_to_pay_in_full,一次性还掉,1,hardship_unspecified
intent_to_repay,不是赖掉,8,hardship_unspecified
intent_to_repay_after_unfreeze,冻结完了我就还了,1,account_restriction
intent_to_resolve,有能力就想解掉,1,hardship_unspecified
intent_to_use_card,打算用信用卡,1,hardship_unspecified
intention_to_earn_for_repayment,想挣到这个钱了来还,1,hardship_unspecified
intention_to_pay,不想逾期,13,hardship_unspecified
intention_to_repay,先还进去,16,hardship_unspecified
interest,利息,1,hardship_unspecified
interest_accumulation,利息全部再上去了,1,interest_pressure
interest_amount,1000多块钱利息,4,interest_pressure
interest_and_fees,8月份以后还会产生利息,5,interest_pressure
interest_and_penalty,利息和违约金3800,4,interest_pressure
interest_burden,利息我有点支付不动了,3,interest_pressure
interest_calculation_question,利息计算疑问,1,interest_pressure
interest_charge,9900多块钱利息,2,interest_pressure
interest_charges,扣了很多利息,2,interest_pressure
interest_complaint,利息不值得,6,interest_pressure
interest_details,每个月有74利息,1,interest_pressure
interest_dispute,利息一直记着1800,10,interest_pressure
interest_inclusion,带着之前的分期利息包含在内,1,interest_pressure
interest_inquiry,分期利息是多少,2,interest_pressure
interest_only_payment,多还这12期，正好是利息结,1,interest_pressure
interest_query,利息怎么扣的,3,interest_pressure
interest_rate,你们综合利息15点几,1,interest_pressure
interest_waiver,免息,2,interest_pressure
interest_waiver_confirmation,确认利息减免,1,interest_pressure
internal_error_caused_shortfall,是你们内部的问题造成的这个金额没还够,1,hardship_unspecified
investigation_result,调查结果,1,hardship_unspecified
investment_activity,在投资些东西,1,hardship_unspecified
investment_failure,投资做生意失败,4,expense_pressure
investment_loss,做投资失利,2,expense_pressure
investment_platform,朝料宝,1,hardship_unspecified
irregular_income,打零工,2,income_reduction
irregular_payment,还一两千,2,hardship_unspecified
job,在中通快递仓库干活,1,hardship_unspecified
job_change,不在,24,income_loss
job_changed,单位有变动,1,hardship_unspecified
job_description,施工县城管管建城的,2,hardship_unspecified
job_hunting,找工作再看,2,hardship_unspecified
job_inexperience,刚跑路线不熟悉,2,hardship_unspecified
job_instability,做咨询,6,hardship_unspecified
job_interview,我要去面试,2,hardship_unspecified
job_interview_passed,面试过了,1,hardship_unspecified
job_issue,工作上遇到了一点问题,1,hardship_unspecified
job_loss,一直在找工作,43,income_loss
job_loss_due_to_collection,是辞退啊。有人打电话催收，打到单位了，老板不让干了,1,income_loss
job_loss_imminent,晚上把这个月干完就不能干了,3,income_loss
job_market_difficulty,工作不好做,1,hardship_unspecified
job_position,普通员工,1,hardship_unspecified
job_role,负责这个这个项目的,1,hardship_unspecified
job_search,出来找工作,42,income_loss
job_search_difficulty,临时工现在不好找,1,income_loss
job_search_intention,想找份工作,1,income_loss
job_search_plan,下个月月底去找到工作,2,income_loss
job_search_status,找工作吃住,1,income_loss
job_searching,不好找,22,income_loss
job_searching_difficulty,找工作都很难,2,income_loss
job_suspension,公司工作暂停,3,hardship_unspecified
job_threat,老板给我吵了，我就连生活的最基本的收入就没有,1,income_delay
job_type,做清洁工,10,hardship_unspecified
know_debt,能看到短信都有,1,hardship_unspecified
knowledge_of_policies,协商还款，还有个60多期的，还有一个免息60多期的,1,hardship_unspecified
lack_of_account_info,我不知道我回电就叫老婆给我看了我,1,hardship_unspecified
lack_of_action,没有拨过,1,hardship_unspecified
lack_of_attention,没注意看账单,1,hardship_unspecified
lack_of_awareness,上一次查账单才知道,5,hardship_unspecified
lack_of_confirmation,没有发短信,1,hardship_unspecified
lack_of_disclosure,你们并没有如实告知我这个账单里边我要每月支付的分期利息,4,installment_request
lack_of_document,没有失业证明,1,income_loss
lack_of_documentation,没有客观材料,1,hardship_unspecified
lack_of_explanation,它也没跟我说过所以然,1,hardship_unspecified
lack_of_family_support,家里也不怎么想管我,1,family_strain
lack_of_human_contact,你们银行天天也没人给我打电话，就是机器人打,1,hardship_unspecified
lack_of_information,我因为它有几张分期卡，我都不知道还到哪一张去,2,installment_request
lack_of_knowledge,不会搜索,8,hardship_unspecified
lack_of_notice,客服未告知,1,hardship_unspecified
lack_of_notification,也不上给我打电话说,3,hardship_unspecified
lack_of_reminder,你们也没怎么提醒,4,hardship_unspecified
lack_of_statement,我没有账单明细,1,hardship_unspecified
lack_technical_skill,不会转账,2,hardship_unspecified
large_compensation,要赔两百万,1,hardship_unspecified
large_debt,40多万的给你看了吗,2,debt_overwhelm
large_debt_unaffordable,十几万没钱还,1,repayment_inability
large_medical_expense,交了152000多,1,hardship_unspecified
large_overdue,逾期太大了,1,hardship_unspecified
large_transactions,上个月有,1,hardship_unspecified
last_card_overdue,招行是最后一张卡,1,hardship_unspecified
last_pay_date,5月10号发工资,2,income_delay
late_fee,逾期又有100多的利息,2,hardship_unspecified
late_fees,循环利息和违约金184.42元,1,hardship_unspecified
late_notification,昨天发信息才看到,2,hardship_unspecified
late_payment,只推迟了1天,5,hardship_unspecified
legal_action,几个人一起执行了,21,legal_pressure
legal_action_acceptance,你们要起诉就起诉,1,legal_pressure
legal_action_against_others,起诉给别人的,2,legal_pressure
legal_action_mention,最后法上起诉,1,legal_pressure
legal_action_other,外边私人可能已经在诉讼了,1,legal_pressure
legal_action_threat,法院起诉,2,legal_pressure
legal_awareness,朋友是律师,1,legal_pressure
legal_claim,银行没有资格不给办理个性化分期,1,legal_pressure
legal_disclaimer,没有授权法律事项,1,legal_pressure
legal_dispute,上家公司经济纠纷,18,legal_pressure
legal_fee,律师代理费,1,legal_pressure
legal_incident,酒驾被抓到了,1,legal_pressure
legal_involvement,公安介入,2,legal_pressure
legal_issue,公司被起诉,7,legal_pressure
legal_issues,这边还有官司在线上,1,legal_pressure
legal_knowledge,了解催收威胁家人违法可报警,4,legal_pressure
legal_negotiation,跟律师那边协商,1,legal_pressure
legal_notice,要发函要起诉,1,legal_pressure
legal_preparedness,有律师团队,1,legal_pressure
legal_proceeding,不知道立案成功不成功,9,legal_pressure
legal_proceeding_threat,材料对接律所,2,legal_pressure
legal_proceedings,12家被起诉,4,legal_pressure
legal_reference,《商业银行信用卡监督管理办法》第70条,3,legal_pressure
legal_right,法律规定困难期间有权协商,2,legal_pressure
lender_fault,银行未评估还款能力,1,hardship_unspecified
liability_to_pay_others,需要赔对方钱,1,hardship_unspecified
license_plate,车牌苏A,1,hardship_unspecified
license_suspension,驾照被吊销,1,hardship_unspecified
life_change,最近有点变动,1,hardship_unspecified
life_disruption,刚刚从前面一段比较乱、断续的一个状态刚刚走出来,2,expense_pressure
life_event,生宝宝,4,expense_pressure
life_pressure,生活压力,2,expense_pressure
limited_ability,只能还每月700多的账户,5,partial_capacity
limited_ability_to_pay,你要是几百块钱，我还能说得给你凑一凑,5,partial_capacity
limited_availability,我没办法一直接你们的电话,1,hardship_unspecified
limited_banks,我只有这两个银行的,1,hardship_unspecified
limited_financial_resources,只有这一个卡,1,hardship_unspecified
limited_funds,只有40000多,11,partial_capacity
limited_income,1个月能整1000来块钱,4,hardship_unspecified
limited_options,银行只给两个方案,1,hardship_unspecified
limited_repayment_ability,只能接受几百块钱一个月,4,hardship_unspecified
limited_repayment_capacity,1000多块钱可以还,9,partial_capacity
limited_support,朋友少,1,hardship_unspecified
limited_support_network,朋友年龄小没什么钱,1,hardship_unspecified
linked_bank_card,我关联那建行的卡,2,hardship_unspecified
litigation_concern,不希望被起诉,2,legal_pressure
living_alone,一个人,6,hardship_unspecified
living_arrangement,房东也住在那里,1,hardship_unspecified
living_expense,租房,1,expense_pressure
living_expenses,1000多块钱,19,expense_pressure
living_expenses_difficulty,日常开销困难,1,hardship_unspecified
living_situation,亲戚家的房子，我给人家租金,12,expense_pressure
living_situation_change,我现在住另外一个地方,1,hardship_unspecified
living_status,一个人,1,hardship_unspecified
living_with_family,我爸的名，我爸的房,3,hardship_unspecified
loan_amount,贷款119000,2,hardship_unspecified
loan_amount_confirmation,贷多我现在我贷的多少钱？210000,1,hardship_unspecified
loan_application,跟公司说说了一下，然后银行再给我批下来,1,hardship_unspecified
loan_balance,房贷剩余100万,1,debt_inquiry
loan_called,被抽贷,1,hardship_unspecified
loan_details,之前有一笔30000多的分了12期，还了四期，还剩八期没还,1,hardship_unspecified
loan_existence,贷款,1,hardship_unspecified
loan_inquiry,什么时候贷的,7,debt_inquiry
loan_origination,5月7号订的车，8号下的款,1,hardship_unspecified
loan_origination_date,5月办的贷款,1,hardship_unspecified
loan_plan,E招贷方案,1,hardship_unspecified
loan_product,有一个E招贷的信用卡,1,hardship_unspecified
loan_repaid,贷款都还完了,1,hardship_unspecified
loan_repayment_by_third_party,朋友打钱还了车贷,1,hardship_unspecified
loan_status,房贷未逾期,1,hardship_unspecified
loan_type,办的是信用贷款,3,debt_inquiry
location,人在云南,20,hardship_unspecified
location_abroad,不在国内,7,contact_difficulty
location_action,在财务室,1,contact_difficulty
location_change,到外地去了,16,contact_difficulty
location_confirmation,在重庆市,2,contact_difficulty
location_constraint,不在外面，在老家,8,contact_difficulty
location_farming,在地里面,5,contact_difficulty
location_not_shanghai,不在上海,1,contact_difficulty
location_outside,在外面,1,contact_difficulty
location_preference,工作签只要在无锡就行,1,contact_difficulty
location_wuhan,就在武汉,1,contact_difficulty
login_failure,登不进去，应该是打电话的事吧,2,hardship_unspecified
logistical_constraint,人在外地,1,hardship_unspecified
logistical_difficulty,只能12点以后出去,4,hardship_unspecified
long_history,10年前开始用卡,15,payment_track_record
long_history_good_standing,用招行10几年一直正常,1,hardship_unspecified
long_negotiation,找你找了几个月,2,hardship_unspecified
long_overdue,好多年了,2,hardship_unspecified
long_term_card_usage,长期使用信用卡,1,hardship_unspecified
long_term_complaint,我一直也在联系你们,4,hardship_unspecified
long_term_concern,后续呢？不仅仅是下一期,1,hardship_unspecified
long_term_customer,05年办的卡,51,payment_track_record
long_term_debt,还了很多年,1,hardship_unspecified
long_term_delinquency,不会拖到现在,1,hardship_unspecified
long_term_difficulty,3个月5个月解决不了问题,2,hardship_unspecified
long_term_hardship,短期之内三到五个月可能情况就是这样，改善不了什么,1,hardship_unspecified
long_term_illness,病持续比较久了,2,hardship_unspecified
long_term_inability,可能四五年都还不了,1,repayment_inability
long_term_issue,处理几个月没处理,2,hardship_unspecified
long_term_minimum_payment,12年最低还款,2,hardship_unspecified
long_term_overdue,好几个月了,3,hardship_unspecified
long_term_payment,还了好几年最低额度,2,hardship_unspecified
long_term_payment_history,12年一直还最低,1,hardship_unspecified
long_term_plan,一到两年之后,1,hardship_unspecified
long_term_relationship,从3000额度用到183000,14,payment_track_record
long_term_repayment_intent,慢慢还完,1,hardship_unspecified
long_term_residence,在天津待了年头长,1,hardship_unspecified
long_term_struggle,从去年扛到现在,1,hardship_unspecified
long_term_unemployment,失业大半年快一年了,2,income_loss
long_term_usage,信用卡用了很多年,10,payment_track_record
long_wait,等了几个月,1,hardship_unspecified
looking_for_job,有在找工作,1,income_loss
loss_of_income,从去年3月份已经没有收入了,1,income_delay
loss_of_repayment_ability,无力承担,3,hardship_unspecified
lost_financial_support,朋友帮忙愿意周转一下，现在不帮忙了,1,hardship_unspecified
lost_job_due_to_bank,公司因此让我离职,1,hardship_unspecified
lost_phone,手机丢了,1,hardship_unspecified
low_income,1000多863,86,income_reduction
low_income_expectation,出去找工作一个月可能也没多少钱,1,hardship_unspecified
low_income_job,只能去跑跑腿的，外卖的,2,hardship_unspecified
low_installment,前24期每期还3块多,1,hardship_unspecified
low_offer,按几百块吧,1,hardship_unspecified
low_spending,每个月的消费您也看得到，噢，1000多,2,hardship_unspecified
loyal_customer,只用招商银行信用卡,5,payment_track_record
lump_sum_payment,首付款4000多,1,hardship_unspecified
lump_sum_repayment_commitment,半年内能一次性结清,1,hardship_unspecified
lump_sum_requirement,全款一次性还才能终止流程,1,hardship_unspecified
lump_sum_settlement_offer,一下还了，给我减免10000,1,hardship_unspecified
macro_environment,大环境影响，所有行业受影响,2,hardship_unspecified
made_payment,两笔钱我还进去了,5,payment_track_record
mailing_address,寄到太古城,2,hardship_unspecified
main_debt,主要欠款在招行,1,hardship_unspecified
marital_conflict,这个事情我两个现在已经闹得也不够开交了,1,hardship_unspecified
marital_status,17年就离婚了,17,hardship_unspecified
marital_status_change,离婚,2,hardship_unspecified
marriage_uncertain,暂时存在，到时候不知道会咋样，还不清楚呢,1,hardship_unspecified
material_uploaded,你说完了之后，我接着就传上了,1,hardship_unspecified
medical_advice,医生建议休养晒太阳,1,health_crisis
medical_appointment,在外边复查,2,health_crisis
medical_condition,15号还要去做一次手术,32,health_crisis
medical_cost,手术费六七万,1,expense_pressure
medical_emergency,上个月人住院了,19,health_crisis
medical_event,我可能17号就得住院了，我是去生孩子,2,health_crisis
medical_evidence,入院证明,2,health_crisis
medical_expense,上康复课,33,expense_pressure
medical_expenses,借病的钱,5,health_crisis
medical_hardship,医院住院单,1,health_crisis
medical_issue,上医院了,21,health_crisis
medical_need,本来建议立马做手术,1,health_crisis
medical_reason,在医院,1,health_crisis
medical_treatment,在一流医疗区,7,health_crisis
memory_issue,身份证号码真是记不得,1,hardship_unspecified
memory_lapse,我忘了，时间太久了,1,hardship_unspecified
merchant_no_invoice,商家没给我发票,1,hardship_unspecified
merchant_no_reply,商家没回我信息,1,hardship_unspecified
merchant_not_refused,没说不给我开,1,hardship_unspecified
mileage,一万多,1,hardship_unspecified
minimal_payment,只还了十几块钱,1,hardship_unspecified
minimum_payment,15000多,12,partial_capacity
minimum_payment_amount,最低还款11000左右,2,hardship_unspecified
minimum_payment_history,一直在还最低,11,partial_capacity
minimum_payment_increase,最低还高,2,partial_capacity
minimum_payment_intent,先处理最低,3,hardship_unspecified
minimum_payment_made,已还够最低额度,2,hardship_unspecified
minimum_payment_promise,客服说还最低额度可保卡正常使用,1,hardship_unspecified
misapplied_payment,我把钱还到那个里面去了,2,hardship_unspecified
miscommunication,当时办这个东西的时候也不讲,7,hardship_unspecified
misleading_info,信用卡的时候不影响信用卡，它说不影响,1,hardship_unspecified
missed_call,没接到,1,hardship_unspecified
missed_call_reason,早上我是没拿手机,1,hardship_unspecified
missed_callback,没接到回访电话,2,hardship_unspecified
missed_calls,之前没接到电话,1,hardship_unspecified
missed_contact,中间有几期没跟您联系，然后结果就没给我减免,2,hardship_unspecified
missed_deadline,过了那1天就不能处理了,1,hardship_unspecified
missed_details,昨天在上班没听仔细,2,hardship_unspecified
missed_notification,也没看短信,1,hardship_unspecified
missed_opportunity,刚才我去一趟，太忙了，走了,1,hardship_unspecified
missed_payment,6月10号没还,3,hardship_unspecified
missed_payment_option,看到最低还款短信但已过期,1,hardship_unspecified
missing_document,没有提供失业证明,3,income_loss
missing_documents,账单没发给我,1,hardship_unspecified
misunderstanding,不能够整个账单做调整分期,6,installment_request
misunderstanding_due_date,5月多买的钱，以为是6月还款,2,hardship_unspecified
misunderstood_due_date,我以为我是6月20号还款了,1,hardship_unspecified
monthly_expense,一个月要去20000块钱,8,expense_pressure
monthly_income,将近8000,3,hardship_unspecified
monthly_obligation,房贷2800,1,hardship_unspecified
monthly_payment,房贷月供7000,2,hardship_unspecified
monthly_payment_amount,千五,5,debt_inquiry
mortgage,房子是贷款购买,4,hardship_unspecified
mortgage_amount,2000多,8,expense_pressure
mortgage_arrears,房贷不上了也4000多,1,asset_situation
mortgage_balance,也是差不多123，近130,1,expense_pressure
mortgage_debt,是原来在房子上的,1,asset_situation
mortgage_delinquency,房贷是逾期了,1,asset_situation
mortgage_not_overdue,房贷没有逾期,1,asset_situation
mortgage_overdue,12逾期,4,expense_pressure
mortgage_property,房子只有款房,1,asset_situation
mortgage_status,房贷没有逾期,1,asset_situation
multi_bank_negotiation,跟多个银行都在协商沟通,1,hardship_unspecified
multi_debt,一两万两三万都有,17,debt_overwhelm
multi_debt_priority,其他银行愿意协商，我就先还别人的,1,hardship_unspecified
multiple_accounts,弄了三张卡,2,debt_overwhelm
multiple_adversities,出现了太多的转折,1,hardship_unspecified
multiple_attempts,打七八个电话了,1,hardship_unspecified
multiple_bank_debts,银行有四家,1,hardship_unspecified
multiple_banks,不止一家银行,1,hardship_unspecified
multiple_banks_calling,800分15几行打过,1,hardship_unspecified
multiple_banks_frozen,大家的信用卡都封了,1,hardship_unspecified
multiple_bills,消费贷搞了另外一个账单,1,hardship_unspecified
multiple_calls,打10个电话,3,hardship_unspecified
multiple_cards,将近10张信用卡,1,hardship_unspecified
multiple_collection_contacts,上海那边也一直在打电话,1,hardship_unspecified
multiple_contacts,打过三个电话,3,hardship_unspecified
multiple_credit_cards,我有两张信用卡，另一张已协商成功,2,debt_overwhelm
multiple_creditors,不止欠一家银行,3,debt_overwhelm
multiple_debts,10多张都逾期了,395,debt_overwhelm
multiple_debts_due,有好几笔债务同时到期了,1,debt_overwhelm
multiple_defaults,不差这一个逾期,1,hardship_unspecified
multiple_financial_issues,问题比较多,1,hardship_unspecified
multiple_income_sources,生意都不好做,1,hardship_unspecified
multiple_items,买了有几样东西,1,hardship_unspecified
multiple_jobs,下午4点又去人家烧烤店干兼职,3,hardship_unspecified
multiple_lawsuits,诉讼已经接了不下10个,1,hardship_unspecified
multiple_legal_threats,其他银行也要起诉,1,legal_pressure
multiple_loans_same_bank,又有房贷,4,debt_overwhelm
multiple_obligations,还有五个，还有一份,2,debt_overwhelm
multiple_overdue,E招贷当时也逾期了,15,hardship_unspecified
multiple_victims,对方涉及的人不止我一个,1,hardship_unspecified
necessary_expense,日常生活需要,1,hardship_unspecified
need_discussion,晚上回去跟家人确认,1,family_strain
need_family_discussion,涉及到钱，我说了都不算,2,hardship_unspecified
need_grace_period,需要5个月缓冲时间找工作,1,hardship_unspecified
need_help,让别人操作,1,expense_pressure
need_in_person,得当面那啥,1,hardship_unspecified
need_longer_time,需要时间稍微长一点,1,hardship_unspecified
need_merchant_help,还得叫商家帮我弄,1,hardship_unspecified
need_more_time,再有5天的周转期的话是没问题的,2,hardship_unspecified
need_plan,需要方案,1,hardship_unspecified
need_time,不能保证到五点半,6,hardship_unspecified
need_time_for_income,需要一年时间调整收入结构,1,income_delay
need_to_borrow,我得先借,3,hardship_unspecified
need_to_discuss_with_spouse,得跟他商量一下,1,hardship_unspecified
need_to_earn,我要去挣钱,1,hardship_unspecified
need_to_raise_money,我得筹钱去,2,hardship_unspecified
need_to_use_card,这个我肯定是要用的,1,hardship_unspecified
needs_time,需要一段时间,1,hardship_unspecified
negative_balance,卡上显示负的9000多,1,hardship_unspecified
negative_experience,网贷太坑,1,hardship_unspecified
negative_response,他们态度很不好,1,hardship_unspecified
negligence_explanation,太忙了，没注意,1,hardship_unspecified
negotiated_terms,按照昨天我们协商的，你们帮我优惠一下那个手续费,1,hardship_unspecified
negotiated_with_others,已有2-3家协商,1,hardship_unspecified
negotiating_with_bank,正在协商,2,hardship_unspecified
negotiation,协商处理,1,hardship_unspecified
negotiation_attempt,一直在申请,33,hardship_unspecified
negotiation_awareness,知道可以协商,1,hardship_unspecified
negotiation_contact,协商的回复电话,1,hardship_unspecified
negotiation_demand,要求征信结清并减免利息,1,hardship_unspecified
negotiation_difficulty,协商困难,1,hardship_unspecified
negotiation_failed,打电话有协商的，协商没成功,1,hardship_unspecified
negotiation_failure,不是那种跟你们协商,6,hardship_unspecified
negotiation_history,上次说好的,5,hardship_unspecified
negotiation_inquiry,前面减息多少呢,2,hardship_unspecified
negotiation_intent,如果没还过来再跟你们协商,3,hardship_unspecified
negotiation_ongoing,跟银行沟通要减少,1,hardship_unspecified
negotiation_plan,明天谈停息分期,1,installment_request
negotiation_proposal,协商好可停部分账,4,hardship_unspecified
negotiation_reference,其他银行都可以协商,2,hardship_unspecified
negotiation_rejected,没有办法跟我协商分期停息,1,installment_request
negotiation_request,个性化分期,24,installment_request
never_use_installment,我从来不会与你们分期,1,installment_request
new_address,山西南昌,5,hardship_unspecified
new_bill_coming,马上出新账单,1,hardship_unspecified
new_business,摊位租完了,2,hardship_unspecified
new_charges,这个月又给我出最低循环利息了，跟那个违约金,1,hardship_unspecified
new_job,7月刚找到工作,26,income_loss
new_job_plan,找一个新的工作,2,hardship_unspecified
new_platform,重新弄了一个平台,1,hardship_unspecified
next_payment_amount,下次还款421.24元,1,hardship_unspecified
no_action_taken,没有,2,hardship_unspecified
no_agreement_in_app,手机APP没有新协议,1,hardship_unspecified
no_alternative,没得其他办法,1,hardship_unspecified
no_app,没有掌上生活,1,hardship_unspecified
no_app_access,换了个手机以后就没有了,2,hardship_unspecified
no_asset,没有,2,hardship_unspecified
no_asset_transfer,不存在转移财产,1,hardship_unspecified
no_assets,什么都没有,28,hardship_unspecified
no_authority,你做不了主,1,hardship_unspecified
no_available_funds,该周转都周转出去了,2,hardship_unspecified
no_available_plan,客服经理说没有方案,1,hardship_unspecified
no_avoidance,我没有逃避的意思,1,hardship_unspecified
no_bank_app,没有其他银行APP,3,hardship_unspecified
no_bank_branch,没有招商银行,1,hardship_unspecified
no_bank_loan,不是银行贷款,1,hardship_unspecified
no_bank_nearby,从来没见过这个银行,2,hardship_unspecified
no_borrowing_ability,借不了,2,hardship_unspecified
no_borrowing_capacity,开不了口,4,hardship_unspecified
no_borrowing_option,亲戚朋友都拿不出来钱了,2,hardship_unspecified
no_borrowing_source,借的都都没地方借,5,hardship_unspecified
no_car,没有车,1,hardship_unspecified
no_car_loan,没有车贷,1,hardship_unspecified
no_card,没有卡,1,hardship_unspecified
no_card_need,已经没有了,3,hardship_unspecified
no_children,没有啊,2,hardship_unspecified
no_consumption,没办法去消费,2,hardship_unspecified
no_contact,你没有接到我电话,2,hardship_unspecified
no_contact_info,我啥都没留,2,hardship_unspecified
no_contact_notice,没给我打电话说逾期,1,hardship_unspecified
no_contact_with_references,没有,1,hardship_unspecified
no_contract,没签任何东西,1,hardship_unspecified
no_credit_card_usage,我不用信用卡,1,hardship_unspecified
no_credit_limit,完全没有什么额度,1,hardship_unspecified
no_dependents,没有子女,1,hardship_unspecified
no_discount_offered,没有给折扣率,1,hardship_unspecified
no_emergency_contact,没有紧急联系人,1,hardship_unspecified
no_employment_contract,没签合同,1,hardship_unspecified
no_evasion,没有逃避债务,2,hardship_unspecified
no_external_debt,没有,1,hardship_unspecified
no_external_support,也是没有能力帮我,3,hardship_unspecified
no_family_at_home,没有,1,hardship_unspecified
no_family_at_hometown,老家没人,1,hardship_unspecified
no_family_communication,不知道,2,hardship_unspecified
no_family_support,他们也帮不上忙,11,hardship_unspecified
no_financial_hardship,我没有困难,1,hardship_unspecified
no_fixed_address,现在没有固定地址,1,hardship_unspecified
no_funds,我没有,7,hardship_unspecified
no_funds_now,1700多可能我最近手边没有那么多,7,hardship_unspecified
no_future_banking,不会再跟任何金融机构打交道,1,hardship_unspecified
no_future_usage,后期也没用卡,1,hardship_unspecified
no_future_use,不考虑继续用卡,2,hardship_unspecified
no_house,没有房,1,hardship_unspecified
no_housing_cost,无房租房贷,1,hardship_unspecified
no_immediate_funds,这两天没可能,1,hardship_unspecified
no_income,4月份开始没有订单,43,income_loss
no_income_or_borrowing,没有了，最近,1,hardship_unspecified
no_installment,你们银行没有给我分期,2,installment_request
no_installment_available,信用卡好几个月没有分期,2,installment_request
no_installment_or_minimum,无法分期和最低还款,1,installment_request
no_insurance,没有买保险,1,hardship_unspecified
no_intent_to_default,没有想过去赖这点钱,1,hardship_unspecified
no_intent_to_evade,我没有恶意去逃避,1,hardship_unspecified
no_intentional_default,不是有钱不还,1,hardship_unspecified
no_interest,不收利息,1,hardship_unspecified
no_invoice,这次违约金你没给我开,1,hardship_unspecified
no_lawsuit_notice,未收到诉讼短信,1,hardship_unspecified
no_linked_card,没有关联招商银行的卡,1,hardship_unspecified
no_loan,没有,1,hardship_unspecified
no_loan_or_mortgage,没有,1,hardship_unspecified
no_lump_sum_ability,没有一次性结清的能力,1,hardship_unspecified
no_malicious_intent,没有恶意不还,1,hardship_unspecified
no_money,今天一天我确实是弄不到钱,8,hardship_unspecified
no_money_now,它里面没钱,5,repayment_inability
no_money_on_hand,手里头是没在,2,hardship_unspecified
no_money_today,今天是实在是没有,1,hardship_unspecified
no_mortgage,房贷没有,3,hardship_unspecified
no_mortgage_payment,没有还贷,1,hardship_unspecified
no_negotiation,不允许协商,2,hardship_unspecified
no_negotiation_before_default,逾期前无协商渠道,1,hardship_unspecified
no_new_debt,未再透支,1,hardship_unspecified
no_notification,不打电话,2,hardship_unspecified
no_offer_received,没有接到政策,1,hardship_unspecified
no_official_contact,你们一直没有官方来电,1,hardship_unspecified
no_one_at_home,没有了,1,hardship_unspecified
no_other_assets,其他就没用了,1,hardship_unspecified
no_other_debt,没有车贷房贷,1,hardship_unspecified
no_other_debts,其他没有欠款,2,hardship_unspecified
no_other_default,其他没逾期,2,hardship_unspecified
no_other_funds,那边已经也没有了,1,hardship_unspecified
no_other_income,没有,2,hardship_unspecified
no_overdue,还没有,1,hardship_unspecified
no_overdue_history,从来没有逾期过,1,hardship_unspecified
no_plan,没有方案,1,hardship_unspecified
no_plan_before_default,逾期前没方案,1,hardship_unspecified
no_plan_offered,没方案给我,1,hardship_unspecified
no_plan_provided,你们没给我方案,3,hardship_unspecified
no_police_report,没有报警,1,hardship_unspecified
no_policy_offered,他们说没有,2,hardship_unspecified
no_prior_default,从未逾期,2,hardship_unspecified
no_prior_delinquency,之前也没逾期过,1,hardship_unspecified
no_proof,提供不了证明,2,hardship_unspecified
no_receipt,没有发票,1,hardship_unspecified
no_recovery,报警没有用,2,hardship_unspecified
no_repayment,没还,1,hardship_unspecified
no_repayment_ability,没方式,5,hardship_unspecified
no_repayment_currently,暂时没有还款,1,hardship_unspecified
no_resolution,没有给我解决,1,hardship_unspecified
no_response,一次都没回过来,7,hardship_unspecified
no_salary_this_month,这个月没工资,1,income_delay
no_short_term_ability,短期没有偿还能力,1,hardship_unspecified
no_side_job,目前还没有做兼职,1,hardship_unspecified
no_sms_received,确实没收到短信,1,hardship_unspecified
no_social_security,没有社保,2,hardship_unspecified
no_social_support,没有亲戚朋友借,2,hardship_unspecified
no_solution,你们说那方案我确实没有,3,hardship_unspecified
no_stable_income,没有稳定收入,1,income_delay
no_steady_income,没有固定收入,1,income_delay
no_support,就一个人,3,hardship_unspecified
no_trace,找不到人,1,hardship_unspecified
no_unemployment,没有失业,1,income_loss
no_vehicle,车没有,2,hardship_unspecified
no_vehicle_documents,没有行驶证,1,hardship_unspecified
no_vehicle_title,没有绿本,1,hardship_unspecified
no_wifi,没有唉,1,hardship_unspecified
no_written_agreement,方案没有书面合同,2,hardship_unspecified
non_malicious,不是恶意逾期,2,hardship_unspecified
non_malicious_intent,不是恶意不还款,6,hardship_unspecified
non_payment,没有还,3,hardship_unspecified
non_payment_reason,所以我就没有还,1,hardship_unspecified
normal_life,正常生活,1,hardship_unspecified
normal_spending,正常消费,2,hardship_unspecified
not_at_address,不在家里,3,family_strain
not_avoiding,你们打完每一通电话我都会接听,1,hardship_unspecified
not_avoiding_contact,每个电话都在接,1,hardship_unspecified
not_default,不是欠钱不还,1,hardship_unspecified
not_evading,我本人能联系到，没有失联,4,hardship_unspecified
not_fraud,不是骗贷,1,hardship_unspecified
not_intentional,不是故意,1,hardship_unspecified
not_intentional_default,不是故意不还,1,hardship_unspecified
not_own_property,不是名下房产,1,hardship_unspecified
not_received_offer,没有收到方案,1,hardship_unspecified
not_rejecting,不是不考虑,1,hardship_unspecified
not_self_borrowed,不是我借的,1,hardship_unspecified
not_self_operated,平时不是我在操作,1,hardship_unspecified
not_willful_default,不是恶意拖欠,2,hardship_unspecified
notification_received,收到短信,1,hardship_unspecified
notification_source,招商银行发的消息,1,hardship_unspecified
notification_timing,今天10点多发的,2,hardship_unspecified
obligation_acknowledgment,必须得还完,1,hardship_unspecified
occupation,做中药材,27,income_loss
offer_amount,一次性结清大概可以减免20000,3,hardship_unspecified
on_the_way,往回走,1,hardship_unspecified
on_time_payment_history,我一直按时还,1,hardship_unspecified
one_time_payment,一下子还进去,1,hardship_unspecified
ongoing_difficulty,问题没解决,1,hardship_unspecified
ongoing_installment,不断在做分期,1,installment_request
ongoing_treatment,化疗周期还没做完,4,hardship_unspecified
online_information,网上说,2,hardship_unspecified
only_afford_principal,只能还本金,1,hardship_unspecified
operation_feedback,有两个要勾选的选项,4,hardship_unspecified
original_agreement,60000块钱只收400利息,3,hardship_unspecified
original_credit_limit,原来额度183000,1,hardship_unspecified
original_debt_amount,账单总共27000,1,hardship_unspecified
original_due_date,原还款日是25号,1,hardship_unspecified
other_account,我有104的卡,1,hardship_unspecified
other_account_auto_debit,另外一个账单有自动扣过去,1,hardship_unspecified
other_accounts_normal,我的微信和支付宝，正常的,1,hardship_unspecified
other_bank,工商银行,2,debt_overwhelm
other_bank_approved,光大银行的已经批下来了,1,hardship_unspecified
other_bank_arrangement,人家那个我已经办了,4,debt_overwhelm
other_bank_comparison,你们没有广发搞得好呀,4,debt_overwhelm
other_bank_contact,光大给打过,1,hardship_unspecified
other_bank_credit,民生银行分期300000,1,installment_request
other_bank_debt,平安银行欠款,1,hardship_unspecified
other_bank_funds,使用其他银行,1,hardship_unspecified
other_bank_installment,民生那边已经办下来了,1,hardship_unspecified
other_bank_negotiation,与其他银行已协商,7,debt_overwhelm
other_bank_offer,光大给了方案,2,debt_overwhelm
other_bank_plan,华夏银行给我22……700块钱,1,hardship_unspecified
other_bank_policy,光大那边倒没有给我过这个政策,7,debt_overwhelm
other_bank_rejection,招商银行都不给我分期,1,installment_request
other_bank_settlement,其他银行的个性化分期已经办理下来了,3,debt_overwhelm
other_banks,其他银行已提供回执,1,hardship_unspecified
other_banks_agreement,兴业中信建行沟通清楚,1,hardship_unspecified
other_banks_concession,别的银行利息都免了,1,hardship_unspecified
other_banks_negotiation,刚跟那几家银行沟通,2,hardship_unspecified
other_banks_policy,多家银行逾期后有政策,1,hardship_unspecified
other_banks_repayment_plan,每个月还几百块钱,1,hardship_unspecified
other_banks_settled,别的银行都已经做了个性化分期,2,installment_request
other_card_settled,另外一张信用卡协商成功,2,hardship_unspecified
other_cases,有人招商银行是这样做的,2,hardship_unspecified
other_cases_reference,有人做过全部减免再分期,1,installment_request
other_commitment,一会到我了,1,hardship_unspecified
other_creditor_behavior,兴业态度不好,1,hardship_unspecified
other_creditor_contact,招行的工作人员打过电话，他说我再不还的话，他后面要移交，今天晚上就要移交,1,hardship_unspecified
other_creditor_negotiation,华夏的都已经协商完了，分三年，头两年还利息，最后一年本金加利息,3,debt_overwhelm
other_creditors,别的银行都是这样跟我说的,1,hardship_unspecified
other_customers_discount,招商银行都可以帮别的客户去打折结清,1,hardship_unspecified
other_debt,50万贷款到期还本金,15,debt_overwhelm
other_debt_amount,网贷欠款40多万,2,debt_overwhelm
other_debt_collection,我其他的银行都已经发了什么中国邮政都发到家里去了,1,debt_overwhelm
other_debt_due,E招贷过2天700多又到期,1,debt_overwhelm
other_debt_impact,平安把所有周转资金都扣还了,1,debt_overwhelm
other_debt_negotiation,农商行已经在协商,1,debt_overwhelm
other_debt_overdue,也是在逾期,2,debt_overwhelm
other_debt_priority,几个月我先还那个邮政的,4,debt_overwhelm
other_debt_repayment,欠的人钱赶紧都还上了,1,debt_overwhelm
other_debt_resolved,它那个事就说拖到前几天刚解决,1,debt_overwhelm
other_debt_restructuring,别的银行已经分出来了,1,debt_overwhelm
other_debt_settlement,其他银行卡45000分了四年,1,debt_overwhelm
other_debt_status,其他贷款还没逾期,2,debt_overwhelm
other_debt_uncollectible,别人欠我也到强制执行阶段，但是就是没有钱,1,debt_overwhelm
other_debts,1000多万,31,debt_overwhelm
other_deductions,还有其他代扣,1,hardship_unspecified
other_expense_priority,这400我留的这几天要去上访,1,hardship_unspecified
other_legal_action,别人也在起诉我,2,legal_pressure
other_loan_active,还在你们银行有在还的,1,hardship_unspecified
other_loans_existing,还在你们那边，还有那个……在还的，也是你们银行的,1,hardship_unspecified
other_loans_normal,在招行还有闪电贷、E招贷、信用卡能正常还,2,hardship_unspecified
other_obligations,在处理房子的事情,8,debt_overwhelm
other_party_refuses_payment,钱不给我偿还,1,hardship_unspecified
others_financial_loss,他们之前被骗过钱,1,hardship_unspecified
others_in_debt,他们也有欠钱,2,hardship_unspecified
outcome,结果让我去线下网点,1,hardship_unspecified
outsourcing_claim,你们是外包,1,hardship_unspecified
outstanding_balance,还有30000没还,1,debt_inquiry
over_limit,59000额度超了40000,1,hardship_unspecified
overall_delinquency,全面逾期,1,hardship_unspecified
overdue,上期账单没还,28,hardship_unspecified
overdue_acknowledgment,两期账单,10,debt_awareness
overdue_amount,上个月5月25号账单3700块钱逾期半个月,3,debt_inquiry
overdue_confirmation,已经过7号了,1,debt_awareness
overdue_confirmed,已经导致逾期了,2,debt_awareness
overdue_duration,2月份就逾期了,25,debt_awareness
overdue_fees,4月份有违约金,1,debt_awareness
overdue_history,第一期没还,1,debt_awareness
overdue_loan,E招贷逾期,1,debt_awareness
overdue_months,有2个月逾期,1,debt_awareness
overdue_notice,有一个逾期的消息,1,debt_awareness
overdue_penalty_amount,逾期违约金3000,1,debt_awareness
overdue_status,5月份没还,43,debt_awareness
overpayment,多还了20,1,payment_track_record
overpayment_claim,借10万还了15万不止,1,hardship_unspecified
overwork,每天上21个钟,3,hardship_unspecified
owed_money_by_friend,有朋友少我钱还没给我呢,1,hardship_unspecified
ownership_confirmation,是我的呀,2,hardship_unspecified
owns_property,有一套安捷的房子,1,hardship_unspecified
paid_fees,交了很多费用,1,hardship_unspecified
pandemic_service,疫情期间支援,1,hardship_unspecified
parents_retired,父母退休,1,family_strain
part_time_job,偶尔的打个零工,3,income_loss
part_time_work,做零工,1,income_loss
partial_ability,你现在如果说说你要我还个信用卡700块钱，我可以还进去,6,partial_capacity
partial_ability_to_pay,1000元以内有能力,8,partial_capacity
partial_acceptance,认了卖车的情况,1,hardship_unspecified
partial_amount,22000,1,hardship_unspecified
partial_funds,只弄到了那个400多,2,hardship_unspecified
partial_funds_available,只找人拿了27000块钱,2,hardship_unspecified
partial_installment,有一笔没做的，有一笔做了的,1,hardship_unspecified
partial_payment,100块钱,111,partial_capacity
partial_payment_ability,200多块钱我这边还好,5,partial_capacity
partial_payment_amount,200,1,payment_track_record
partial_payment_attempt,让朋友还5000,1,payment_track_record
partial_payment_claim,我是还了的呀,1,payment_track_record
partial_payment_history,一直不都在还吗,12,partial_capacity
partial_payment_intent,先还一部分,5,payment_track_record
partial_payment_made,刚才先付了100,7,partial_capacity
partial_payment_offer,200放进去,7,partial_capacity
partial_payment_other_account,还了信用卡的最低,1,payment_track_record
partial_payment_plan,想办法去凑个35000或者说凑个10000多还进去,11,partial_capacity
partial_payment_promise,把400也给你还上,1,payment_track_record
partial_payment_proposal,先还8000多,1,payment_track_record
partial_purchase,不全部是桌椅板凳,1,hardship_unspecified
partial_repayment,E招贷已经还了本金了,15,partial_capacity
partial_repayment_amount,还2500几,1,hardship_unspecified
partial_repayment_commitment,每个月尽量还一点,1,hardship_unspecified
partial_repayment_history,E招贷我已经还了六期了,3,hardship_unspecified
partial_repayment_inquiry,那如果我多还一点的话，没问题吧？比如说我还万把块钱,1,hardship_unspecified
partial_repayment_intent,只能还本金,3,hardship_unspecified
partial_repayment_made,信用卡我已经还完了,7,partial_capacity
partial_repayment_plan,明天还一部分,2,hardship_unspecified
partial_shortfall,还差一点,1,hardship_unspecified
partial_waiver_offered,专员申请掉一半500多,1,hardship_unspecified
partner_fraud,合伙人跑路了,1,hardship_unspecified
partnership_business,合伙开店,2,hardship_unspecified
passive_settlement,意外情况导致了被动结清,1,hardship_unspecified
past_ability,当时有还款能力,3,hardship_unspecified
past_ability_to_pay,一个月还三四万也没什么压力,5,hardship_unspecified
past_behavior,以前有一些以贷养贷的行为,1,hardship_unspecified
past_borrowing_to_pay,借的钱还你们,1,hardship_unspecified
past_card_usage,之前是有在用,1,hardship_unspecified
past_compliance,上个月手上有就还了,4,hardship_unspecified
past_contributions,给招商提供的利息不少,3,hardship_unspecified
past_credit_history,没欠过1分钱,1,hardship_unspecified
past_credit_limit,临时额度十五六万,1,hardship_unspecified
past_credit_usage,银行给额度周转,1,hardship_unspecified
past_delinquency,E招贷之前好像还过逾期了,4,hardship_unspecified
past_difficulty,去年出的事情,1,hardship_unspecified
past_dispute,几年前有一次尝试过找你们银行全部结清，结果还有一条账没给我清掉,1,hardship_unspecified
past_due,上上个月逾期了10000多,1,hardship_unspecified
past_effort,我前面几期我都是在尽量尽量地，就是想维持不要出现逾期,2,hardship_unspecified
past_efforts,已经是想过办法了,1,hardship_unspecified
past_employment,以前有工作,2,hardship_unspecified
past_experience,上回有一回也是差了1天，是2天完他给整的,3,hardship_unspecified
past_family_support,家里面前半年在帮我还,1,family_strain
past_financial_hardship,去年我本来也有还款困难的时候,1,hardship_unspecified
past_financial_loss,做生意赔了一部分钱,4,hardship_unspecified
past_financial_stability,公司还正常运作,1,hardship_unspecified
past_financial_status,以前这钱不要钱,1,hardship_unspecified
past_freeze,去年也封了一次,1,hardship_unspecified
past_good_history,一直正常在用卡,2,hardship_unspecified
past_good_payment_history,之前一次性还清,5,hardship_unspecified
past_good_record,之前也没逾期过,1,hardship_unspecified
past_high_income,原来一个月8万块钱,1,hardship_unspecified
past_history,你看一下我以前记录,1,hardship_unspecified
past_inability,有的话我肯定前几天都还了,1,hardship_unspecified
past_income,之前有一些收入,4,income_delay
past_income_level,之前月薪20K,1,hardship_unspecified
past_income_source,之前因为做生意流水比较大,1,hardship_unspecified
past_income_stability,公司还是很稳定,1,hardship_unspecified
past_installment,账单分期过了,1,installment_request
past_intention,我要是等个还，我跟你说这几次我不就还上了吗,1,hardship_unspecified
past_interest_paid,交的利息已经多少了,1,hardship_unspecified
past_loan_behavior,上期E招贷主动借113000还信用卡,1,hardship_unspecified
past_negotiation,前几个月主动去协商,3,hardship_unspecified
past_negotiation_failure,我给你们打电话协商，就看能不能跟我分期，但是你们那个时候就不同意,1,installment_request
past_occupation,之前一直做买卖,2,hardship_unspecified
past_overdue,房贷逾期过,1,hardship_unspecified
past_payment,上上个月这张卡片也还了最低还款,9,payment_track_record
past_payment_behavior,一直最低还款,6,payment_track_record
past_payment_history,4月份也坚持了，也还了,23,payment_track_record
past_payment_method,上次就是从我7660卡上扣的,1,hardship_unspecified
past_payment_source,4月份的时候...是自己赚了一点点的钱。以前攒下来的,1,hardship_unspecified
past_payments,息费已经罚息还了很多,3,hardship_unspecified
past_plan,原本计划10月份可以恢复还款，每个月还10000块钱,1,hardship_unspecified
past_profession,这换成我以前也是所谓销售出身的,1,hardship_unspecified
past_promise,上次说过有钱就去还,2,hardship_unspecified
past_relationship,与招行合作多年,2,hardship_unspecified
past_repayment,12月1号又还了,11,payment_track_record
past_repayment_behavior,一直还最低还款,5,hardship_unspecified
past_repayment_effort,上个月我能够给你就给你了,5,hardship_unspecified
past_repayment_failure,我还进去，你们直接给我扣完了,1,hardship_unspecified
past_repayment_history,之前一直在还,8,payment_track_record
past_savings,之前还有点存款,1,hardship_unspecified
past_solvency,之前能解决的时候肯定解决掉了,1,hardship_unspecified
past_spending,之前花销比较大,3,hardship_unspecified
past_stability,之前工作稳定,1,hardship_unspecified
past_stable_income,之前的收入、经济来源都是很稳定,1,income_delay
past_willingness,上个月就还了,3,hardship_unspecified
pay_date,15号发工资,1,income_delay
payday,17号开支,2,hardship_unspecified
payday_commitment,10号发工资,3,income_delay
payday_end_of_month,月底发工资,1,income_delay
paying_interest_only,现在还的不是利息吗,1,hardship_unspecified
paying_mortgage,在还,1,hardship_unspecified
payment,还款,1,hardship_unspecified
payment_action,我这边有还卡,2,payment_track_record
payment_amount,2331,14,payment_track_record
payment_applied_to_interest,1分钱都没看见,3,payment_track_record
payment_arrangement,叫我老婆帮我存进去,1,payment_track_record
payment_attempt,840转分期,12,payment_track_record
payment_commitment,10号之前还上,9,payment_track_record
payment_completed,两个账号的钱都转了,6,payment_track_record
payment_condition,确定还的是本金不是利息罚息,1,payment_track_record
payment_confirmation,还招商银行的3264，还929,1,payment_track_record
payment_cycle,月结,1,payment_track_record
payment_cycle_explanation,3天一个周期,1,payment_track_record
payment_date,每个月24号还款,2,payment_track_record
payment_date_promise,15号、16号,3,payment_track_record
payment_deducted,已经扣走了,1,payment_track_record
payment_delay,他23号才发工资,6,payment_track_record
payment_delay_explanation,昨天没有到,1,payment_track_record
payment_delay_from_employer,人家到时候才抵,1,payment_track_record
payment_delay_reason,昨天那个钱没有到,1,payment_track_record
payment_delayed,家里工款要不回来,4,payment_track_record
payment_delinquency,这个月车贷还没还,2,payment_track_record
payment_detail,用积分抵扣了5块钱,1,payment_track_record
payment_difficulty,上个月6月份的账单、5月份的账单确实是还不了了,1,payment_track_record
payment_discrepancy,我还进去940块钱，仅仅我的账单是减少了一，它这账单在差1块钱,2,payment_track_record
payment_due_date,还款日是20号,1,payment_track_record
payment_error,又还错了放到广发里面去了,3,payment_track_record
payment_failure,借记卡不支持还款业务,5,payment_track_record
payment_failure_explanation,不知道为什么没扣到,1,payment_track_record
payment_frequency,周结,3,payment_track_record
payment_history,4月19号还了,10,payment_track_record
payment_in_review,工程款已经在审核,1,payment_track_record
payment_inability,今天又不能还,1,payment_track_record
payment_ineffectiveness,还了1000被扣掉,1,payment_track_record
payment_intention,想办法两个账户都能还进去,3,payment_track_record
payment_issue,我支付宝、微信跟支付宝没有绑,3,payment_track_record
payment_limit,银行卡当天限额不能超过50000,1,payment_track_record
payment_made,19号已还款,8,payment_track_record
payment_made_but_overdue,还到信用卡里面了，还造成了一个逾期,1,payment_track_record
payment_method,2715需要自己输入金额,10,payment_track_record
payment_method_issue,不支持我卡啊，商务卡,2,payment_track_record
payment_method_limitation,只有银行卡,2,payment_track_record
payment_method_request,分期,1,payment_track_record
payment_method_unknown,不知道怎么还,1,payment_track_record
payment_misallocation,还的都是乱七八糟的一点，一在本金里面1分都没还,1,payment_track_record
payment_not_deducted,打过去后不扣钱了,1,payment_track_record
payment_obligation,上个月20号要还一个分期,1,payment_track_record
payment_obstacle,647.35无法还,4,payment_track_record
payment_offer,存502元,1,payment_track_record
payment_pattern,隔1个月再还,1,payment_track_record
payment_pending,还没转进来,1,payment_track_record
payment_plan,1600之后，后面的期先不管，就是到8月份再还,10,payment_track_record
payment_plan_details,每个月到明年6月都是600多,1,payment_track_record
payment_plan_inquiry,信用卡每个月还750,1,payment_track_record
payment_plan_proposal,一次性解决或还2000分期,2,payment_track_record
payment_preference,只接受个性化分期,3,payment_track_record
payment_priority_other,我只能先去履行那边的了,1,payment_track_record
payment_promise,下个月8号开始,9,payment_track_record
payment_promise_date,10号我自己来还,2,payment_track_record
payment_record,6月2号收到2062,6,payment_track_record
payment_reminder,提示还款,1,payment_track_record
payment_requirement,短信要求还2590,1,payment_track_record
payment_schedule,没到还款日时间,1,payment_track_record
payment_stop,还到5月份的时候确实没有办法了,1,payment_track_record
payment_stopped,现在全部都停了,2,payment_track_record
payment_timeline,15号左右,9,payment_track_record
payment_timing,6月7号还进去,3,payment_track_record
payment_to_interest,还进去冲到利息,1,payment_track_record
payment_to_other_card,刚才1000块钱还到别的卡片去了,2,payment_track_record
payment_to_other_product,我昨天还了一笔钱到闪电贷,1,payment_track_record
peer_experience,我身边的朋友都是这样的,7,hardship_unspecified
penalty_and_interest,罚息利息,1,interest_pressure
penalty_dispute,不认违约,2,interest_pressure
penalty_pause,暂停逾期罚息,1,interest_pressure
pending_action,还没搞好,1,hardship_unspecified
pending_deduction,我要先扣钱,1,hardship_unspecified
pending_external_funds,朋友介绍的，还没给我,1,hardship_unspecified
pending_friend_confirmation,他还没跟我确认,1,hardship_unspecified
pending_funds,今天有笔账还没到,4,income_delay
pending_income,等下游的钱到,1,income_delay
pending_payment,钱的话他暂时没有给我,1,hardship_unspecified
pending_payment_from_third_party,人还没来,7,income_delay
pending_payment_process,正在提供票据，然后汇款付款，我在办回款,1,hardship_unspecified
pending_project,等项目,2,hardship_unspecified
pending_receivables,外头有30多万没收回来,3,hardship_unspecified
pending_receivables_timeline,供应商说今晚或明天,1,hardship_unspecified
pending_work,活动未完成,1,hardship_unspecified
perception_of_overpayment,20000多块钱感觉已经还进去了,1,hardship_unspecified
personal_accident,为了收钱摔了一跤，牙齿摔松，左手骨折,1,hardship_unspecified
personal_attitude,不想麻烦别人,1,hardship_unspecified
personal_background,硕士学历,2,hardship_unspecified
personal_circumstances,事比较多,1,hardship_unspecified
personal_consumption,我自己消费的，家里面用的,1,family_strain
personal_crisis,两个月家里出了点事,8,expense_pressure
personal_debt,这是我个人欠款,1,hardship_unspecified
personal_difficulty,出了点问题,4,expense_pressure
personal_failure,我现在有这个自身意做失败了,1,hardship_unspecified
personal_family_issue,我家有事,1,hardship_unspecified
personal_health,我身体又不好,1,hardship_unspecified
personal_history,娘家是呼和浩特,1,hardship_unspecified
personal_illness,得了严重的精神症,7,hardship_unspecified
personal_info,年龄50多岁,2,hardship_unspecified
personal_issue,年龄1个月,2,expense_pressure
personal_life_event,离过一次婚,1,hardship_unspecified
personal_reason,家里有点事儿,1,family_strain
personal_situation,在给小孩喂奶,2,expense_pressure
personal_stress,压力都在我自己身上,1,hardship_unspecified
personal_trouble,家里也出了一些事情,2,expense_pressure
personal_use_claim,我们是自己用的，在那个地方拿的,3,hardship_unspecified
phone_availability,两点之后我才接电话,3,hardship_unspecified
phone_issue,手机有事情,1,hardship_unspecified
phone_unavailable,今天刚拿到手机,1,hardship_unspecified
physical_disability,坐轮椅,1,hardship_unspecified
plan_cancelled_due_to_overdue,因为逾期了，给取消的,1,hardship_unspecified
plan_clarification,3000、几千，是没为您固定？是逾期还,1,hardship_unspecified
plan_confirmation,确认停4个月不用还,5,hardship_unspecified
plan_to_borrow,再找到借一点,1,hardship_unspecified
plan_to_discuss,中午头沟通一下,1,hardship_unspecified
plan_to_increase_income,要努力增收,1,hardship_unspecified
plan_to_visit_bank,明天去银行,6,hardship_unspecified
platform_history,平台做了10年,1,hardship_unspecified
police_no_update,什么消息都没有,1,hardship_unspecified
police_report,报警,1,hardship_unspecified
police_visit,去过派出所,1,hardship_unspecified
policy_belief,本金和利息有政策可以优惠全免,1,hardship_unspecified
policy_claim,国家有保负政策，你这个利息可以不还，直接还本金,1,hardship_unspecified
policy_condition,逾期才有政策,2,hardship_unspecified
policy_contradiction,之前说没有分期政策,2,installment_request
policy_denial,没有政策,1,hardship_unspecified
policy_denied,说没有政策,1,hardship_unspecified
policy_disclosure,方案今天才告知,2,hardship_unspecified
policy_discussion,可以免增值费,3,hardship_unspecified
policy_dispute,他告诉我的一直就是没有，你们银行没有60期,3,hardship_unspecified
policy_knowledge,有了解过个性化分期方案,2,installment_request
policy_limitation,取现部分没办法分期,1,installment_request
policy_reference,70条,6,hardship_unspecified
policy_research,个性化分期可以做,2,installment_request
policy_restriction,它一直反复不解决问题，不根据我的情况来帮我处理,3,hardship_unspecified
policy_understanding,停卡只还本不还息,1,hardship_unspecified
poor_signal,信号不是特别好,1,hardship_unspecified
positive_bank_impression,招行还是很不错的,1,hardship_unspecified
potential_borrowing,朋友发工资可能借一点,1,income_delay
potential_payment,充进50000块钱,1,hardship_unspecified
potential_repayment,有可能可以还的上,1,hardship_unspecified
prefer_installment,我只接受本金分期,2,installment_request
prefer_longer_term,36期太短了,1,hardship_unspecified
preference_for_plan,倾向于第三个方案,1,hardship_unspecified
pregnancy,孕晚期,5,hardship_unspecified
pregnancy_late_stage,孕晚期,1,hardship_unspecified
prepared_for_action,都准备好了,1,hardship_unspecified
preparing_hardship_docs,正在准备困难材料,1,hardship_unspecified
preparing_to_pay,在搞这个事情,2,hardship_unspecified
previous_advice,逾期之后有专人跟你联系方案,2,contact_history
previous_agent_promise,中午打电话来说6月、7月都不用还,4,contact_history
previous_agreement,3月份他叫我还了1000多块钱，后续说没有偿还能力的话，每个月还400多也可以,13,contact_history
previous_agreement_date,记得是4月20号或25号,1,contact_history
previous_ai_contact,之前都是AI服务,1,contact_history
previous_application,之前有过申请记录,3,contact_history
previous_attempt,已经申请过二次分期,1,contact_history
previous_attempt_failed,年初尝试沟通未解决,1,contact_history
previous_bad_experience,还完一笔后政策调整就没了,1,contact_history
previous_billing_issue,上一次有一个账单影响了我,1,contact_history
previous_borrowing,上个月周转过,1,contact_history
previous_collection_request,专员让凑700多,1,contact_history
previous_commitment_dispute,今天上午或昨天有人打电话说可以本金个性化分期,2,contact_history
previous_communication,上礼拜打电话跟我说我需要还,9,contact_history
previous_complaint,之前有反馈过,1,contact_history
previous_contact,5月20日已联系客服说明情况,45,contact_history
previous_contact_failure,客服经理说没有这个方案,1,contact_history
previous_credit_limit_reduction,上上个月还钱后马上被扣了额度,2,contact_history
previous_credit_report,三个月前打过征信报告,1,contact_history
previous_demand,5月29号让全部还款,1,contact_history
previous_denial,在我没处理之前，你们都说没有方案,1,contact_history
previous_discount,之前有优惠券减免,1,contact_history
previous_employment,以前在那里上班,1,contact_history
previous_experience,中信银行还了几个月账面还是欠那么多,1,contact_history
previous_explanation,之前情况已说,2,contact_history
previous_good_history,之前是优质用户,3,contact_history
previous_good_payment,每期都正常还,1,contact_history
previous_good_payment_history,之前正常能还上,1,contact_history
previous_incident,去年也有一次类似情况,1,contact_history
previous_income,25000左右,3,contact_history
previous_installment,之前办理过分期,2,contact_history
previous_installment_advice,建议我做分期,1,contact_history
previous_installment_history,我办理过几次分期,1,contact_history
previous_intent_to_pay,之前想还最低,1,contact_history
previous_interaction,之前工作人员沟通20多分钟,4,contact_history
previous_invoice,我是上次开的发票,1,contact_history
previous_negotiation,6月份有跟咱们反馈过情况，想通过电话形式达成内部和解,25,contact_history
previous_negotiation_attempt,上次打电话给他协商，他说协商不了，要等逾期了才能协商,11,contact_history
previous_negotiation_failed,没还之前我就跟你们银行协商，你们说现在没有政策,1,contact_history
previous_negotiation_failure,之前协商被银行拒绝,2,contact_history
previous_offer,5月份让我先还利息1000,9,contact_history
previous_offer_details,之前方案要求还E招贷一千多和信用卡八百多,1,contact_history
previous_payment,说1000多的时候，我都已经还进去了,1,contact_history
previous_payment_amount,上个月还1057,1,contact_history
previous_payment_history,我卡里边之前都是那样还的,2,contact_history
previous_payment_plan,上个月还了1057,4,contact_history
previous_payment_source,家里人在帮您还,1,contact_history
previous_payments,之前都扣了不少了,1,contact_history
previous_penalty,之前逾期被罚三四千,1,contact_history
previous_penalty_mention,上次说有违约金,1,contact_history
previous_policy,以前可以更改账单日还款日,1,contact_history
previous_promise,专员说下期给协商方案,4,contact_history
previous_promise_unfulfilled,你前天也给我说这个嘛,1,contact_history
previous_reduction_promise,之前说能减免,1,contact_history
previous_rejection,上次申请被拒,1,contact_history
previous_repayment_history,账单一直也一直在还着,1,contact_history
previous_request,之前一直想分期,2,contact_history
previous_self_employed,之前是自己做生意,2,contact_history
previous_waiver,你们上次就给我免除了,1,contact_history
previous_waiver_experience,上次广发银行就给我减免了手续费,1,contact_history
primary_breadwinner,主要是我在支撑,1,hardship_unspecified
principal_amount,本金10110000多,9,debt_inquiry
principal_concern,56000也要还,3,debt_inquiry
principal_confirmation,还的1090都是卡本金,2,hardship_unspecified
principal_debt,是老本,1,hardship_unspecified
principal_inquiry,本金是多少,3,debt_inquiry
principal_only,只还本金,2,hardship_unspecified
principal_question,2985是我的本金,1,hardship_unspecified
principal_redefinition,作为现在的本金,1,hardship_unspecified
prior_agreement,三年前银行负责人承诺,6,contact_history
prior_communication,一直在跟你们银行沟通,5,contact_history
prior_contact,4月打过电话,37,contact_history
prior_contact_attempt,差不多在18还是16号，我有打电话去问你们那个5555的号码,4,contact_history
prior_contact_with_bank,我给你们打了电话,3,contact_history
prior_delinquency,前面有过一次逾期,1,contact_history
prior_denial,自己要分期就不给我办,1,contact_history
prior_family_assistance,因为前面已经帮助过我了,1,contact_history
prior_good_history,之前连最低还款都还,2,contact_history
prior_instruction_conflict,当时跟我说只要还信用卡就可以了,1,contact_history
prior_legal_action,之前也被别的银行判过,1,contact_history
prior_legal_experience,我之前也被别的银行判过,1,contact_history
prior_negotiation,前两个月主动给每张信用卡打过电话协商,6,contact_history
prior_negotiation_attempt,主动打电话沟通,6,contact_history
prior_negotiation_attempts,一直在协商还款,4,contact_history
prior_negotiation_experience,民生银行工商银行分成60期,1,contact_history
prior_notification,已经报备了,1,contact_history
prior_offer_details,之前你们给我的方案是1个月还1800,1,contact_history
prior_offer_rejected,这个方案没通过,1,contact_history
prior_payment_history,之前一直给我是最低还款，利息都还了20000多,1,contact_history
prior_payments_wasted,前家还的都是利息,1,contact_history
prior_repayment,回款后还了最低,1,contact_history
prior_repayment_ability,如果说这个窟窿，这个账目，如果说能还的话，我能维持下去，能像之前一样能维持下去，我肯定还会做的这个东西,1,contact_history
prior_warning,说过下一期可能还不上,1,contact_history
priority_payment,4月份还招商800多的时候，我房贷都没还,1,hardship_unspecified
privacy_concern,不在家父母取件,7,family_strain
privacy_violation,你们这个是侵犯个人隐私权,3,hardship_unspecified
proactive_communication,提前主动打电话给你们沟通,2,hardship_unspecified
proactive_contact,主动打电话,13,hardship_unspecified
proactive_negotiation,主动协商,1,hardship_unspecified
probation_period,试工期,2,hardship_unspecified
process_awareness,流程我知道，信息已经发给我了,1,hardship_unspecified
process_understanding,停卡后额度没有了，要一次性还清,1,hardship_unspecified
product_inquiry,确认E招贷账户,3,hardship_unspecified
professional_background,我也是银行出身的,2,hardship_unspecified
prolonged_communication,沟通好几天了,1,hardship_unspecified
prolonged_inability,10月下来一直都处理不了,1,hardship_unspecified
promise,它说的是今天给我搞好,2,hardship_unspecified
promise_date,15号之前还进来,1,payment_commitment
promise_from_employer,老板说今天给钱,1,payment_commitment
promise_full_payment,一下子把两期都还进来,1,payment_commitment
promise_future_payment,最快也要到明天了,2,payment_commitment
promise_payment,3天内解决,2,payment_commitment
promise_payment_timeline,明天晚上7点之前还剩下的,2,payment_commitment
promise_time,3天,1,payment_commitment
promise_to_contact,再给你们打电话,1,payment_commitment
promise_to_keep_contact,不会失联,1,payment_commitment
promise_to_pay,10号一定还,50,payment_commitment
promise_to_pay_after_payday,发了工资我就还,1,payment_commitment
promise_to_pay_in_week,几天应该就这……在一个礼拜左右就能还上,2,payment_commitment
promise_to_pay_today,今天肯定能还上,2,payment_commitment
promise_to_repay,我肯定会还的,1,payment_commitment
promise_to_repay_when_funded,资金到账，我自己肯定会及时协调,1,payment_commitment
promise_to_reply,我昨天我就说了，我说今天给你们答复,2,payment_commitment
promise_today,今天应该能处理掉,2,payment_commitment
promise_tomorrow,最迟就明天早上,2,payment_commitment
promised_date,10号,4,hardship_unspecified
promised_deadline,四点要还进去,1,hardship_unspecified
promised_discount,他说的是4000，其中2000是本金,5,hardship_unspecified
promised_fee_waiver,提前结清可以申请免违约金和循环利息,3,hardship_unspecified
promised_flexibility,随时还都可以,1,hardship_unspecified
promised_future_payment,这2天会结账,1,hardship_unspecified
promised_payment,今天就办掉了,5,hardship_unspecified
promised_payment_date,10号打款,4,hardship_unspecified
promised_payment_time,到四点看能不能转进来,1,hardship_unspecified
promised_payment_today,今天必须要今天就给我的,1,hardship_unspecified
promised_reduction,他跟我说的就是说，把费用还有那个违约金减免了之后,1,hardship_unspecified
proof_offer,可以提供收入证明和负债情况,1,income_delay
property_estimated_value,120多,1,asset_situation
property_info,房子92个平方,1,asset_situation
property_listed_long,房子挂出去大半年了,1,asset_situation
property_location,房子比较偏,1,asset_situation
property_market_slow,很难成交,1,asset_situation
property_mortgaged,有抵押,2,asset_situation
property_ownership,我自己买的,3,asset_situation
property_size,房子64平,1,asset_situation
property_unsold,一直没有卖出去,1,asset_situation
property_value,房子10来万,4,asset_situation
propose_installment,可以分期60期,2,installment_request
proposed_amount,500,2,hardship_unspecified
proposed_delay,我说能不能拖到16号,1,hardship_unspecified
proposed_future_date,我说11号还进去,1,hardship_unspecified
proposed_future_payment,半年以后或者年底都可以,1,hardship_unspecified
proposed_installment,一个月还800,5,hardship_unspecified
proposed_next_payment_date,下一期还款是8月份,1,hardship_unspecified
proposed_partial_payment,我说我不行，我先还500，他说不行,2,hardship_unspecified
proposed_payment,每个月可能能承担500块钱,4,hardship_unspecified
proposed_payment_amount,1498,4,hardship_unspecified
proposed_payment_date,10号应该没问题,5,hardship_unspecified
proposed_payment_method,从那张卡里头存现,1,hardship_unspecified
proposed_payment_plan,假设我17号前是把他700还了,1,hardship_unspecified
proposed_plan,做一个五年的分期,9,installment_request
proposed_repayment,每月还1000,2,hardship_unspecified
proposed_repayment_amount,一个月能还几百块钱,2,hardship_unspecified
proposed_repayment_plan,我还个三四百、四五百都行，下个月有钱多还点也可以,3,hardship_unspecified
proposed_settlement_amount,还个12000,1,hardship_unspecified
proposed_short_term_plan,可以给我申请个两、五天,1,hardship_unspecified
protect_child,不想让孩子掺和,1,hardship_unspecified
provide_documents,可以拉对象征信,3,hardship_unspecified
provide_proof,可以给你相应的证明,1,hardship_unspecified
provided_documents,提供了资料,1,hardship_unspecified
provided_evidence,发票也接给你们了,1,hardship_unspecified
provided_information,信息也发了很多很多,1,hardship_unspecified
purchase_explanation,我们就是买点那个卖的，那个不是在那里拿的,1,hardship_unspecified
purchase_items,买了桌椅板凳电脑,1,hardship_unspecified
purchase_reason,买了家电,2,hardship_unspecified
question_interest_penalty,询问利息和罚息,1,hardship_unspecified
questioning_requirement,质疑负债证明要求,1,hardship_unspecified
questioning_valuation,拍卖市场价10万怎么调查,1,hardship_unspecified
real_estate_asset,不动产,1,hardship_unspecified
reason_for_delay,上次是因为国庆节，是因为我说聚餐的时候错过了时间,2,hardship_unspecified
reason_for_delinquency,那次是忘记了不是资金困难,1,hardship_unspecified
reason_for_spending,我是做理发的，房租到期了，我没办法才刷的,1,hardship_unspecified
receivables,外面的欠款收回,2,hardship_unspecified
receivables_delayed,他才拖欠我的啊,5,income_delay
receivables_difficulty,别人欠我几十万要不回来,1,hardship_unspecified
receivables_problem,欠款收不回来,4,income_delay
received_message,收到短信,1,hardship_unspecified
received_negotiation_sms,收到协商短信,1,hardship_unspecified
received_notice,我有收到你们短信关于这个的,3,hardship_unspecified
received_notification,我收到短信了,4,hardship_unspecified
received_threat,收到私人号码说银行起诉,1,legal_pressure
recent_default,刚逾期,5,hardship_unspecified
recent_difficulty,最近遇到问题,1,hardship_unspecified
recent_employment,刚刚上班一个多月,8,income_loss
recent_event,刚发生20来天,1,hardship_unspecified
recent_income_stability,去年12月才有稳定收入,1,income_delay
recent_installment,刚办了一分期,1,installment_request
recent_payment,上个月20号21号还了款,5,hardship_unspecified
recent_payment_made,5月14号还了,1,hardship_unspecified
recent_purchase,去年去年才买了车,1,hardship_unspecified
recent_rent_payment,上个月刚凑齐房租,1,hardship_unspecified
recent_return,今天刚刚才回来,1,hardship_unspecified
recently_employed,5月份才上班,3,income_loss
recording,录音,3,hardship_unspecified
recording_behavior,录音录屏,1,hardship_unspecified
recording_claim,我跟你们打的每个电话我都有录音,1,hardship_unspecified
recovery,现在算是缓过来,1,hardship_unspecified
recovery_effort,边休养边想办法增加收入,1,income_delay
recovery_optimism,应该问题不大,1,hardship_unspecified
recovery_period,在家养病,2,hardship_unspecified
recovery_time,伤筋动骨100天,2,hardship_unspecified
reduced_work_effort,最近跑得没那么狠,1,hardship_unspecified
reference_others,朋友有长分期案例,1,installment_request
refunded,退回去了,2,hardship_unspecified
refusal_to_communicate,已说明不跟第三方沟通,1,hardship_unspecified
refusal_to_pay,不还900多,2,hardship_unspecified
refuse_current_offer,我不能现在能答应你们还500,2,hardship_unspecified
refuse_third_party,不想跟第三方沟通,1,hardship_unspecified
regular_income,工资准时到账,2,income_delay
regular_payment,每个月都还,1,payment_track_record
regulation_reference,可以分期，最长60期,4,installment_request
regulatory_challenge,要求银行出示银监会备案,2,hardship_unspecified
regulatory_complaint,他打了12378,3,hardship_unspecified
regulatory_contact,中国银民银行总行反馈1400,1,hardship_unspecified
regulatory_requirement,银监局说的个性化分期,1,installment_request
reinstatement_plan,办了个再分期,1,installment_request
reject_future_terms,后面的我不接受了,1,hardship_unspecified
reject_offer,方案协商不了,2,hardship_unspecified
reject_proposal,你这个方案我接受不了啊,2,hardship_unspecified
rejected_proposal,不接受方案,2,hardship_unspecified
rejection,最终减免不了,2,hardship_unspecified
relationship,之前的同事,3,hardship_unspecified
relationship_friend,朋友,1,hardship_unspecified
relocation,下乡安置,3,hardship_unspecified
remaining_balance,100多块没付,6,debt_inquiry
remaining_balance_inquiry,剩余26000元怎么还,2,hardship_unspecified
remaining_debt,还完剩7000多,2,hardship_unspecified
remaining_installments,四期,3,debt_inquiry
remaining_principal,剩下的30000多只是本金,1,hardship_unspecified
remittance_issue,一直在查资料补资料,4,hardship_unspecified
rent_1000,房租1000块钱,1,hardship_unspecified
rent_amount,1000多,4,expense_pressure
rent_expense,我的房租是这个上个月到期的,3,hardship_unspecified
rental_constraint,需要经过房主同意,1,hardship_unspecified
rental_expiring,租了快到期了,1,hardship_unspecified
rental_housing,房子是租的,1,hardship_unspecified
rental_property,租住的房产,6,hardship_unspecified
rental_status,租的,2,hardship_unspecified
renting,租房,2,expense_pressure
repaying,正在还款,2,hardship_unspecified
repaying_in_progress,充着呢,2,hardship_unspecified
repaying_other_debts,每个月都在还,1,hardship_unspecified
repayment_ability,一个月能还个五六百,1,payment_track_record
repayment_amount,862,5,payment_track_record
repayment_application,已申请分期,2,payment_track_record
repayment_attempt,还进去5000，以为能刷出来,1,payment_track_record
repayment_behavior,只能天天还进去,1,payment_track_record
repayment_capacity,1个月能还4000块钱,15,partial_capacity
repayment_commitment,今天下午解决,1,payment_track_record
repayment_composition,还的都是本金,1,payment_track_record
repayment_constraint,今明两天解决不了,1,payment_track_record
repayment_cycle_complaint,还了2000，你下面就要5000,1,payment_track_record
repayment_date,好像是7号吧,2,payment_track_record
repayment_date_change,7号以前是25号,1,payment_track_record
repayment_date_request,要求还款日定在25号,1,payment_track_record
repayment_delay,几个月后才能还款,1,payment_track_record
repayment_demand,只还本金,1,payment_track_record
repayment_duration,还了两年,1,payment_track_record
repayment_effort,坚持还款,2,payment_track_record
repayment_goal,还本金,1,payment_track_record
repayment_history,E招贷已还很久,15,payment_track_record
repayment_intent,想办法出来凑钱,6,payment_track_record
repayment_intention,有还款意向,1,payment_track_record
repayment_method,E招贷是通过掌上生活还的,3,payment_track_record
repayment_pace_mismatch,我还的节奏跟不上银行的政策,1,payment_track_record
repayment_period,半年时间太短,2,payment_track_record
repayment_plan,10几万以后每个有还款还还还还四期,32,installment_request
repayment_plan_clarification,一年以后,7,installment_request
repayment_plan_proposal,可能得天天还一次，明天三天还一次,1,installment_request
repayment_plan_reference,方案二,1,installment_request
repayment_plan_selection,我要用第一个那个方案，就是还5000多那个,1,installment_request
repayment_planning,规划赚钱,1,installment_request
repayment_preference,想把本金还了免息,2,payment_track_record
repayment_promise,明天或后天会全部还进去,3,payment_track_record
repayment_proposal,1个月还2500,43,installment_request
repayment_status,被动结清,1,payment_track_record
repayment_structure,每个月还要还本金,1,payment_track_record
repayment_term,还款期限,1,payment_track_record
repayment_terms,1800多只是本金,2,payment_track_record
repayment_timeframe,三年或五年,1,payment_track_record
repayment_timeline,我要5个月后才能回归到正常,1,payment_track_record
repeated_borrowing,我借过几次了,1,hardship_unspecified
repeated_calls,我们已经打过很多次电话了,1,hardship_unspecified
repeated_contact,一直给你们来电,5,hardship_unspecified
repeated_effort,每次都要重复申请,1,hardship_unspecified
repeated_negotiation_attempts,逾期后多次致电协商,1,hardship_unspecified
repeated_requests,我下午说我去哪，我才我还给他打电话呢,4,hardship_unspecified
reported_to_police,之前有报案,10,hardship_unspecified
request_amount,申请5000,1,hardship_unspecified
request_bill,要求发从开卡到现在的账单,1,hardship_unspecified
request_breakdown,想搞清楚本金、利息、违约金,1,hardship_unspecified
request_callback,申请要你们回电话,1,hardship_unspecified
request_contact,要求留电话,1,hardship_unspecified
request_contact_change,你可以把紧急联系人改一下,1,hardship_unspecified
request_debt_details,要求看本金,3,hardship_unspecified
request_debt_relief,诉求是停息挂账,2,hardship_unspecified
request_deferment,希望往后延延,5,hardship_unspecified
request_deferral,往后延几个月,1,hardship_unspecified
request_delay,大概给我5天的时间,4,hardship_unspecified
request_discount,想要减免,2,hardship_unspecified
request_document,合同,2,hardship_unspecified
request_evidence,要求提供录音,1,hardship_unspecified
request_extension,想把账单拉长到更长的还款期间,5,hardship_unspecified
request_for_affordable_plan,方案就是我每个月能还得起的方案,1,hardship_unspecified
request_for_bills,要求发账单到邮箱,3,hardship_unspecified
request_for_delay,不能等一个礼拜吗,1,hardship_unspecified
request_for_forbearance,申请停息挂账,1,hardship_unspecified
request_for_installment,你们不是也可以分期的吗,4,installment_request
request_for_relief,需要相应的政策帮我减免一些,1,hardship_unspecified
request_for_time,给我一段时间,1,hardship_unspecified
request_grace_period,五个月缓一缓,2,hardship_unspecified
request_individual_plan,要求个性化,1,hardship_unspecified
request_installment,60期分期,36,installment_request
request_interest_reduction,做一个降息延长的这个调整,3,hardship_unspecified
request_interest_waiver,停息挂账,2,hardship_unspecified
request_investigation,我真的很希望你们来排查,1,hardship_unspecified
request_long_term_installment,想申请延长年限分期还款,1,installment_request
request_long_term_plan,想争取长期分期,4,installment_request
request_longer_installment,800多的那个不能期数长一点,2,hardship_unspecified
request_longer_term,48期太少了吧,5,hardship_unspecified
request_negotiation,想协商,13,hardship_unspecified
request_no_contact,最好连这些电话都不要打,1,hardship_unspecified
request_not_to_contact_emergency_contact,希望是不要先跟他联系,1,hardship_unspecified
request_preprocessing,我先处理一下,1,hardship_unspecified
request_principal_only,只能还本金,2,hardship_unspecified
request_reschedule,要换个地方,1,hardship_unspecified
request_restructure,以前已经分期的也都取消,2,installment_request
request_restructuring,再给重组,3,hardship_unspecified
request_settlement,要求按一年结清退多余利息,1,hardship_unspecified
request_stop_calls,要求禁呼联系人,2,hardship_unspecified
request_stop_interest,只想着做停息挂账,3,hardship_unspecified
request_timeline,5月28号申请减免,2,hardship_unspecified
request_unlink,看能不能把那张卡关联的微信全部解了,1,hardship_unspecified
request_waiver,要求免掉6月以后利息,4,hardship_unspecified
request_zero_interest_installment,我就要一个分期，没有利息的分期,1,installment_request
requested_billing_statement,我要求你从开卡至今的账单给我发过来,1,hardship_unspecified
requested_deferral,上个月底打了电话改到你们这边我说推迟一下,1,hardship_unspecified
requested_installment,我想着跟咱们银行协商一下60期分期,2,installment_request
requested_negotiation,想协商分期,3,installment_request
requested_plan,12期分期，利息减免，所有的违约金减免后再做分期,4,installment_request
requested_policy,停息挂账,1,hardship_unspecified
requesting_fee_waiver,打客服申请减免,2,hardship_unspecified
requesting_specific_waiver_amount,希望减免到10000整数,1,hardship_unspecified
required_payment,必须还清5900,1,hardship_unspecified
researched_consequences,研究过后果,1,hardship_unspecified
residence_change,户籍移到南京,3,hardship_unspecified
residence_duration,住两年的房子了,2,hardship_unspecified
residence_location,户籍,1,hardship_unspecified
residence_status,在乡下,4,hardship_unspecified
residence_type,租的房子,1,hardship_unspecified
resolution_attempt,今天下午应该会搞好,1,hardship_unspecified
responsibility_acceptance,带账是我的责任,2,hardship_unspecified
restructuring_request,希望账单重新做合理分期,1,installment_request
retired,退休了,1,income_loss
return_plan,今天或者明天我就能到家,3,hardship_unspecified
returned_borrowed_money,把先还给人间了,4,hardship_unspecified
returned_hometown,回老家了,1,hardship_unspecified
revoke_authorization,要求撤回第三方授权,1,hardship_unspecified
revoked_third_party_authorization,我已经撤回了第三方的授权,1,hardship_unspecified
right_to_negotiate,有权利和银行平等协商,1,hardship_unspecified
risk_flag,风险,1,hardship_unspecified
risk_of_second_default,不能再产生二次逾期,3,payment_track_record
rural_background,是农村的,1,hardship_unspecified
salary_amount,6000左右,2,income_delay
salary_arrears,只发到6月,4,income_delay
salary_cycle,周期到这两天吧,1,income_delay
salary_date,18号还20号，20号左右,6,income_delay
salary_decrease,工资在降,1,income_reduction
salary_delay,15号才发,72,income_delay
salary_delayed,工资还没发,4,income_delay
salary_delayed_by_employer,上个月老板也没发工资,2,income_delay
salary_frequency,一个月一发,1,income_delay
salary_irregular,工资都不是正常发的,1,income_delay
salary_normal,没有说不发工资,1,income_delay
salary_received,发工资,1,income_delay
salary_reduction,公司全员降薪,3,income_reduction
salary_schedule,20号发工资,6,income_delay
salary_timing,15号发工资,4,income_delay
salary_unpaid,公司几个月工资没发,3,income_delay
same_bank,E招贷和信用卡都是招商银行的服务,1,hardship_unspecified
same_card_for_payment,还款账户都是同一张卡,2,hardship_unspecified
saving_plan,攒点钱,1,hardship_unspecified
savings_used,以前上班留了点存款,2,hardship_unspecified
saw_notification,我今天看到了短信,1,hardship_unspecified
schedule_uncertainty,在家时间不确定,1,hardship_unspecified
searching_for_account,我在看，我在找我那个E招贷，我再看一下在哪里，没找到,2,hardship_unspecified
seasonal_business,旺季八九十月份,1,hardship_unspecified
seasonal_difficulty,夏天热,1,hardship_unspecified
seasonal_work,34亩麦子要收,10,income_loss
seeking_alternative_solutions,沟通其他业务解决,1,hardship_unspecified
seeking_employment,在努力找工作,8,income_loss
seeking_external_advice,咨询银行会,2,hardship_unspecified
seeking_external_help,朋友刚回信息,2,hardship_unspecified
seeking_family_help,从家里边拆着点,2,family_strain
seeking_funding,一个供应商，我看资金能不能先给我,3,hardship_unspecified
seeking_funds,一直在找,30,debt_overwhelm
seeking_help,刚过去等他,18,expense_pressure
seeking_help_failed,找了几个都说手上没钱,2,repayment_inability
seeking_income,努力找工作,7,debt_overwhelm
seeking_information,想咨询欠款和分期,2,installment_request
seeking_job,去找工作,3,hardship_unspecified
seeking_loan,找朋友周转,2,hardship_unspecified
seeking_loans,在借钱,1,hardship_unspecified
seeking_negotiation,做个分期,8,debt_overwhelm
seeking_other_solutions,其他地方也弄了,1,hardship_unspecified
seeking_part_time_job,找兼职,1,hardship_unspecified
seeking_plan_details,我如果说同意和咱们银行协商还的话，我现在要还多少钱,1,hardship_unspecified
seeking_settlement,想停息挂账,1,hardship_unspecified
seeking_solution,一直在想办法,4,hardship_unspecified
self_blame,是我的问题,3,hardship_unspecified
self_characterization,诚实守信,1,hardship_unspecified
self_control_concern,怕一不小心又用上去,2,hardship_unspecified
self_description,农村妇女，什么都不懂,1,hardship_unspecified
self_disclosure,没有文化,1,hardship_unspecified
self_employed,个体工商户,19,income_loss
self_employed_business_owner,自己是加工厂老板,2,hardship_unspecified
self_employment,我自己也在做生意,4,hardship_unspecified
self_handle,自己处理,1,hardship_unspecified
self_identity,不是欠钱不还的人,1,hardship_unspecified
self_justification,我该做的我也做了,1,hardship_unspecified
self_owned_business,店铺是自己的,2,hardship_unspecified
self_payment,自己付的,1,hardship_unspecified
self_reliance,不是他们能想什么办法的，是我自己来解决问题的,2,hardship_unspecified
self_responsibility,债务需自己承担,1,hardship_unspecified
self_use,我自己用,1,hardship_unspecified
self_verification,挂电话后查平台,1,hardship_unspecified
separate_account,汽车分期的，不用管,1,installment_request
separate_debts,他的跟我没关系,1,hardship_unspecified
serious_illness,一直在吃药,19,hardship_unspecified
service_discrepancy,第一个客服说没办理,3,hardship_unspecified
service_failure,客服让去线下网点，线下网点让打电话,3,hardship_unspecified
settlement_amount,28000多,1,hardship_unspecified
settlement_intent,还28000的，一下子还清,1,hardship_unspecified
settlement_offer,还6024.76元可清账,1,hardship_unspecified
shared_debt,加两个人一起还的,2,hardship_unspecified
shared_mortgage_with_family,家里出一点，我出一点,1,family_strain
shareholder_status,是公司的股东,1,hardship_unspecified
short_delay,晚了几天,1,hardship_unspecified
short_delay_penalty,差几天收违约金,1,hardship_unspecified
short_installment,分期期数短,1,installment_request
short_notice,早上通知我要一点钱那个处理,1,hardship_unspecified
short_overdue,逾期了几天,1,hardship_unspecified
short_overdue_period,逾期了也就10天时间,1,hardship_unspecified
short_repayment_window,有那是3天的,1,hardship_unspecified
short_term_difficulty,一两个月,1,hardship_unspecified
short_term_inability,短期还不上,1,hardship_unspecified
short_term_issue,短期出,1,hardship_unspecified
short_term_repayment_plan,下个月能还完,1,hardship_unspecified
short_term_solution,2天内能解决,1,hardship_unspecified
shortfall_amount,差300,2,hardship_unspecified
side_income,开顺风车,1,hardship_unspecified
signing_dispute,办卡时业务员未告知条款,1,hardship_unspecified
single_account,我就一张,2,hardship_unspecified
single_breadwinner,所有的压力都在我一个人身上,2,hardship_unspecified
single_car_loan,就一个车贷,1,hardship_unspecified
single_card,只有一张信用卡,1,hardship_unspecified
single_card_usage,只有这一张卡在用,1,hardship_unspecified
single_credit_card,只有一张信用卡,1,hardship_unspecified
single_parent,一个人养娃,7,hardship_unspecified
situational_constraint,在外面,2,hardship_unspecified
sleep_deprivation,昨天只睡了三个小时,1,hardship_unspecified
small_debt,那个是少的,2,hardship_unspecified
small_income_source,拿了两包烟，几百块钱嘛，千700多,1,hardship_unspecified
sms_not_received,6月6号19点08分以后没来,6,hardship_unspecified
sms_requirement,短信说至少还2590,1,hardship_unspecified
social_influence,好多朋友都信用卡都不还了,1,hardship_unspecified
social_isolation,一个人,7,hardship_unspecified
social_network_failure,朋友都逾期了,1,hardship_unspecified
social_network_hardship,朋友各个都面临这个情况,1,hardship_unspecified
social_pressure,不想让家人麻烦,3,expense_pressure
social_support,独自一人,3,expense_pressure
social_support_unavailable,找朋友周转但朋友也困难,1,hardship_unspecified
sole_responsibility,房贷自己还,1,hardship_unspecified
some_income,多少有点收入,1,income_delay
sought_help,都沟通过了,1,hardship_unspecified
special_circumstance,特殊情况,2,hardship_unspecified
special_hardship,特殊困难,1,hardship_unspecified
specific_amount,3900多,5,hardship_unspecified
specific_amount_mentioned,筹到3000多,1,hardship_unspecified
specific_availability,周日下午我可以沟通,2,hardship_unspecified
specific_debt,E招贷没有还,2,hardship_unspecified
specific_debt_amount,招商银行欠四万多,1,hardship_unspecified
specific_fee,367块3毛8的违约金,3,hardship_unspecified
specific_payment_plan,星期三可以处理欠款,1,hardship_unspecified
specific_promise,明天先把这700还掉,2,hardship_unspecified
specific_promise_date,最晚11号还进去,1,hardship_unspecified
specific_repayment_time,今天下午2点能还,1,hardship_unspecified
specific_time_constraint,15号之前还不了,1,repayment_inability
specific_time_promise,六点回来,1,hardship_unspecified
specific_timing,最晚四、最晚五点,1,hardship_unspecified
spending,消费,4,expense_pressure
spending_category,日常消费,1,hardship_unspecified
spending_reason,消费,1,hardship_unspecified
spouse_aware,他知道,3,family_strain
spouse_business_loss,他亏了，亏了几百个,1,family_strain
spouse_employed,上班,1,family_strain
spouse_income,2000多块钱一个月,2,family_strain
spouse_income_decrease,老公他降息了,1,family_strain
spouse_income_loss,老公那边也都停掉了,1,family_strain
spouse_job,在支付宝当保安,1,family_strain
spouse_pays_car_loan,他在还,3,family_strain
spouse_unaware,不知道,1,family_strain
spouse_unemployed,老婆在带小孩，他没上班,2,family_strain
spouse_unemployment,也没有,2,family_strain
spouse_unreachable,老婆招商班的了，不接电话,1,family_strain
stable_income,发工资发的比较稳,1,income_delay
staff_error_caused_overdue,你们工作人员告诉我，告诉我是错了，造成的逾期,1,hardship_unspecified
staff_miscalculated_amount,你们内部人员告诉我算了金额了，我没还够,1,hardship_unspecified
staff_statement,工作人员说过几万,1,hardship_unspecified
start_date,从8月7号开始,1,hardship_unspecified
stated_inability,我已经说清了,1,hardship_unspecified
stated_situation,我的情况已经跟你们说明了,1,hardship_unspecified
stress,半个多月，我都没有办法休息,2,hardship_unspecified
student_status,还在上大学,1,hardship_unspecified
successful_negotiation_with_other_banks,其他银行申请了60期个性化分期免息,1,installment_request
sufficient_balance,前两天里边还10000多呢,4,debt_inquiry
sufficient_funds,资金充足,2,hardship_unspecified
supplier_relationship,我们去拿猪肉嘛，发给我们支的那个地方,1,hardship_unspecified
surrender_asset,你要收回去的话，你收回去,1,hardship_unspecified
survival_need,要活下来,1,hardship_unspecified
survival_priority,先活着,3,expense_pressure
symptom,手抖,12,hardship_unspecified
system_display_amount,信息叫我还4000多,4,hardship_unspecified
system_display_conflict,APP显示最低还款20000多,1,hardship_unspecified
system_failure,你不扣,2,hardship_unspecified
system_issue,APP上面看不到这个方案,8,hardship_unspecified
system_limitation,APP不给分期,1,installment_request
system_maintenance,它6月11号做维护,1,hardship_unspecified
system_message,四点整收到已过还款时间的信息,2,hardship_unspecified
system_obstacle,APP里面又不给我分,1,hardship_unspecified
system_upgrade,银行系统升级,1,hardship_unspecified
taking_action,正在打投诉电话,1,hardship_unspecified
task_errand,送广上,3,hardship_unspecified
tax,税务,1,expense_pressure
technical_difficulty,不知道怎么弄,11,hardship_unspecified
technical_illiteracy,不会那玩意儿,1,hardship_unspecified
technical_issue,APP不让操作,18,hardship_unspecified
telemarketing_origin,是你们给我打电话办的,1,hardship_unspecified
temporarily_busy,暂时没没空,1,hardship_unspecified
temporary_borrowing_capacity,这个月能借到2000多,1,hardship_unspecified
temporary_difficulty,暂时性的,2,hardship_unspecified
temporary_hardship,临时性的，一个10天半个月的一个困难,2,hardship_unspecified
temporary_inability,今天处理不了,3,hardship_unspecified
temporary_inability_to_pay,一时半会儿还不上,2,hardship_unspecified
temporary_income,临时活能挣点钱,1,income_reduction
temporary_inconvenience,今天确实不太方便,1,hardship_unspecified
temporary_liquidity_issue,现在我出差，钱我凑不出来,1,hardship_unspecified
temporary_living_situation,我晚上去我朋友那寝室,1,hardship_unspecified
temporary_stay,目前在这边有点事,1,hardship_unspecified
temporary_unavailability,今天真的不得行,2,hardship_unspecified
temporary_work,过两天接了个干体力的活,1,hardship_unspecified
term_dissatisfaction,期数确确实实太短了,1,hardship_unspecified
termination_consequence,终止合作,1,hardship_unspecified
third_party_agent,他说他帮我解决了,3,hardship_unspecified
third_party_authorization,第三方授权问题,3,hardship_unspecified
third_party_authorization_revoked,已撤回第三方授权,2,hardship_unspecified
third_party_contact,你们不能说没有，暂时没有联系，他马上就到联系我的紧急联系人,7,hardship_unspecified
third_party_debt,人家欠我的钱能一次性到账,23,debt_overwhelm
third_party_default,它没钱还了,2,repayment_inability
third_party_delay,那边也一直在拖我,1,hardship_unspecified
third_party_dependency,等他老婆转,1,hardship_unspecified
third_party_example,朋友欠12年还本金,1,hardship_unspecified
third_party_experience,朋友逾期分期后协商失败,1,installment_request
third_party_failure,他不转,1,hardship_unspecified
third_party_handling,这个都是我女儿在操作的,2,hardship_unspecified
third_party_intervention,第三方介入导致资金延迟,1,hardship_unspecified
third_party_issue,开发商之间的问题,1,hardship_unspecified
third_party_mention,第三方,1,hardship_unspecified
third_party_negotiation,委托了第三方来协商,2,hardship_unspecified
third_party_payment,朋友在还房贷,2,hardship_unspecified
third_party_promise,对方说今天下午2点给转,1,hardship_unspecified
third_party_repayment,我让他帮忙帮我还的,1,hardship_unspecified
threat_of_lawsuit,你们要起诉我了我现在怎么还,2,legal_pressure
threat_publicity,威胁曝光银行,1,hardship_unspecified
time_constraint,12点以后,24,hardship_unspecified
time_delay,搞5月了,1,hardship_unspecified
time_difference,时差,1,hardship_unspecified
time_difficulty,时间有困难,1,hardship_unspecified
time_dispute,放到下午4点多,2,hardship_unspecified
time_estimate,大概可能40分钟,1,hardship_unspecified
time_needed,可能需要一年左右的时间周转,3,hardship_unspecified
time_passed,事情过去很久,1,hardship_unspecified
time_period,回来已经一个多月了,2,hardship_unspecified
time_promise,12点半,2,hardship_unspecified
time_reference,今天9号了,1,hardship_unspecified
timeframe,3个月之内,4,hardship_unspecified
timeline_expectation,它说的是15天，我从5月28号算到15天,1,hardship_unspecified
total_amount,加起来都快3000块钱了,2,hardship_unspecified
total_amount_inquiry,总共多少钱,2,hardship_unspecified
total_credit_limit,总额度100000多一点,1,hardship_unspecified
total_debt,400万总负债,14,debt_acknowledgment
total_debt_amount,20多,32,debt_acknowledgment
total_debt_breakdown,加利息分期手续费,1,debt_acknowledgment
total_loss,车已报废,4,expense_pressure
total_monthly_payment,一个月还个四五千块钱,3,debt_inquiry
total_paid,总共1900多,1,hardship_unspecified
transaction_acknowledgment,确认有印象消费,1,hardship_unspecified
transaction_confirmation,在深圳市凤英女装商店消费8500,1,hardship_unspecified
transaction_date,消费时间是4月29号,1,hardship_unspecified
transaction_purpose,买货付货款,3,hardship_unspecified
transfer_failure,钱卡到了银行,6,hardship_unspecified
transfer_issue,后台拖到协商,4,hardship_unspecified
transparency,存的钱没有隐瞒,1,hardship_unspecified
transportation_change,骑电动车,1,hardship_unspecified
travel,全国各地到处在出差,2,hardship_unspecified
travel_expense,6月份去西安，还有去河南,5,hardship_unspecified
travel_necessity,必须回到家一趟,1,hardship_unspecified
travel_or_busy,在出差,1,hardship_unspecified
travel_plan,回老家一趟,1,hardship_unspecified
traveling,在高铁上,1,contact_difficulty
treatment,刚做完手术,2,health_crisis
treatment_duration,放化疗半年以上,1,health_crisis
treatment_need,我得首先得保证我先去吃药,12,health_crisis
treatment_stopped,停止治疗,1,health_crisis
trust_friend,很放心,2,hardship_unspecified
two_options,他当时是给我两个方案。一个是还1800多，然后这中间是有费用的；一个2000多，中间是没有费用的,1,hardship_unspecified
unable_to_accept,方案解决不了,1,repayment_inability
unable_to_borrow,没筹到，根本筹不到,2,repayment_inability
unable_to_find_funds,现在找不到,2,repayment_inability
unable_to_find_solution,我想办法就不让它逾期了,1,repayment_inability
unable_to_pay,20期也还不了,29,repayment_inability
unable_to_pay_any,招商银行任何费用都还不了,1,repayment_inability
unable_to_pay_full,你们现在要还的，我确实还不了,6,repayment_inability
unable_to_pay_lump_sum,你说一次性还20000多，我给你还不上,2,repayment_inability
unable_to_pay_medical,医疗费交不了,1,repayment_inability
unable_to_pay_minimum,无能力最低还款,1,repayment_inability
unable_to_pay_today,今天不保证能还上,2,repayment_inability
unable_to_repay,一分都还不上,2,repayment_inability
unable_to_repay_lump_sum,一下子还不上,1,repayment_inability
unable_to_work,上不了班,3,repayment_inability
unacceptable_plan,之前的方案不适用,3,hardship_unspecified
unaffordable_amount,4400多，确实没有这个能力,2,hardship_unspecified
unaffordable_installment,每月还两千多还不起,1,hardship_unspecified
unaffordable_plan,之前方案一个月3000多还不了,2,repayment_inability
unauthorized_action,修改账单日,2,hardship_unspecified
unavailable,在忙,2,hardship_unspecified
unaware_of_credit_limit,不知道额度是临时额度,1,hardship_unspecified
unaware_of_history,不清楚,1,hardship_unspecified
unaware_of_policy,不了解政策,1,hardship_unspecified
unaware_of_value,没了解,1,hardship_unspecified
unbound_account,手机上没绑定,1,hardship_unspecified
uncertain_employment,现在工厂那边……还没、还不知道,1,hardship_unspecified
uncertain_funding,没有确定,1,hardship_unspecified
uncertain_future_income,后续的钱我也不一定能还进去,1,hardship_unspecified
uncertain_income,我不确定每天能回款啊,1,hardship_unspecified
uncertain_payment,我不能保证一定能还进去,1,hardship_unspecified
uncertain_repayment,我现在这个6号那个……唉，我真的不肯定能不能还上,1,hardship_unspecified
uncertain_repayment,我现在这个6号那个……唉，我真的不肯定能不能还上,1,hardship_unspecified
uncertain_return,大概要6月份之后才能确定,2,hardship_unspecified
uncertain_timeline,不一定什么时候还,2,hardship_unspecified
uncertainty,因不确定回款时间不敢承诺,3,hardship_unspecified
uncertainty_commitment,我不确定的事情，我现在也很难去做,1,hardship_unspecified
unclear_billing,账单分开不知道,1,hardship_unspecified
unclear_debt,不清楚了,1,hardship_unspecified
unclear_payment_info,什么时候还钱我都不知道,1,hardship_unspecified
unclear_total_debt,总共多少我没搞清楚,2,hardship_unspecified
uncollected_debts,外面好多账也要不过来,1,hardship_unspecified
understanding_collector,理解你们的工作,1,hardship_unspecified
undisclosed_interest,你们的最低还款利息也没有明确的告知我,1,hardship_unspecified
unemployed,不在了,15,income_loss
unemployment,2023年底被优化,557,income_loss
unemployment_benefits,领失业金,3,income_loss
unemployment_certification,在做失业证明,1,income_loss
unemployment_duration,1个月,26,income_loss
unemployment_family,爸没上班,1,income_loss
unemployment_low_income,我去找工作我也找不到那种工资高的,1,income_loss
unemployment_proof,提供失业证明,1,income_loss
unemployment_registration,失业登记我前几天准备做,1,income_loss
unemployment_timeline,上个月,2,income_loss
unemployment_timing,上个月,1,income_loss
unexpected_charge,新出的账单日当中吧，有一个500多块钱的利息,1,expense_pressure
unexpected_crisis,天降横祸,4,expense_pressure
unexpected_deduction,5000多块钱在里面给我莫名其妙的扣了几百,7,expense_pressure
unexpected_default,遇到困难我不会逾期,1,hardship_unspecified
unexpected_difficulty,没想到一下就断了,1,hardship_unspecified
unexpected_event,上个月突发情况,11,expense_pressure
unexpected_expense,撞到人了花了十几万,2,expense_pressure
unexpected_fee,上一次为什么还有个费用,1,expense_pressure
unexpected_incident,交易上出现了一点意外,3,expense_pressure
unexpected_limit_reduction,突然被降额,1,hardship_unspecified
unexpected_overdue,会产生一个逾期,2,hardship_unspecified
unexpected_situation,出现了突发情况,1,expense_pressure
unfamiliar_with_method,我没用过,1,hardship_unspecified
unfulfilled_promise,他跟我说的是还在去申请你们相关的政策，之后就没了,3,hardship_unspecified
unknown_perpetrator,不知道是谁,1,hardship_unspecified
unmet_promise,昨天没给我说还了之后立马做二次分期,1,installment_request
unpaid_principal,没有还本金,1,hardship_unspecified
unpaid_status,现在还没有,1,hardship_unspecified
unpaid_wages,公司大半年没发工资,7,income_delay
unreachable_explanation,之前我一直有事，手机不在我身上,2,hardship_unspecified
unreceived_billing_statement,开卡至今的账单一直没给我发完,1,hardship_unspecified
unresolved,不解决,1,hardship_unspecified
unresolved_communication,一直说让我等电话,2,hardship_unspecified
unresolved_complaint,3天之内有人回复我，结果一直没有人回复,1,hardship_unspecified
unresolved_request,之前提过诉求但没得到答复,1,hardship_unspecified
unstable_employment,工作不稳定,11,income_loss
unstable_housing,居无定所,1,hardship_unspecified
unstable_income,不是正常上班的工作,26,income_reduction
unstable_living_situation,工作地址现在就是在这个地方。这个月结束之后就没有了，现在没有固定的地方了,2,hardship_unspecified
unstable_residence,住址可能随时调,5,hardship_unspecified
unstable_workplace,单位地址不稳定,1,hardship_unspecified
upload_attempts,我传了好几次,1,hardship_unspecified
usage_pattern,50000块钱从一开始就是挂在那里,2,hardship_unspecified
vague_acknowledgment,可能沟通过了,1,hardship_unspecified
vague_difficulty,有点问题,2,hardship_unspecified
vague_explanation,上个月出了点情况,1,hardship_unspecified
vague_promise,我会尽快处理,1,hardship_unspecified
vague_reason,最近有点事情,3,hardship_unspecified
vehicle_info,车牌号D加H886,1,asset_situation
vehicle_mileage,车子200000公里,2,asset_situation
vehicle_not_in_use,车停着没开,1,asset_situation
vehicle_plate,BBBR2242,1,asset_situation
vehicle_purchase_type,全款,1,asset_situation
vehicle_type,油车,1,asset_situation
verification_issue,当时应该是直接以跳过转人工的形式取的,7,hardship_unspecified
very_low_funds,只有600多,1,hardship_unspecified
victimization,被骗,2,hardship_unspecified
virtual_currency_investment,虚拟的这个后多,1,hardship_unspecified
virtual_transaction,刷出去还信用卡,1,hardship_unspecified
wage_arrears,之前的公司欠我的工资现在也都一直没结给我,8,income_delay
wage_delay,15号发4月份的,10,income_delay
wage_delayed,我要了好几回，他说等两天等两天，没等到,2,income_delay
wage_dispute,15号再不发工资，闹工调的了，罢工的了,1,income_loss
waiting_experience,等了一到三个工作日，已经等了三轮,2,hardship_unspecified
waiting_for_foreclosure,等着那个房产停掉,1,hardship_unspecified
waiting_for_funds,两笔款项一直没到,4,income_delay
waiting_for_income,在等钱,3,income_delay
waiting_for_others,现在人还没回我消息,1,hardship_unspecified
waiting_for_others_payment,外面丢有几万块钱，一直收不回来,2,hardship_unspecified
waiting_for_paycheck,等到发工资,1,income_delay
waiting_for_salary,在等工资发放,2,income_delay
waiting_no_follow_up,等了很多天没有后续,2,hardship_unspecified
waiting_period,等了10天,3,hardship_unspecified
weather_issue,下很大的雨,2,hardship_unspecified
welfare_delay,低保也没到账,1,hardship_unspecified
will_contact_bank,会主动联系银行,1,hardship_unspecified
will_find_way,尽量想办法,2,hardship_unspecified
will_handle_later,下午回去自己办,1,hardship_unspecified
will_not_avoid,不会失联,1,hardship_unspecified
will_pay_after_salary,发下工资来立刻还上,1,income_delay
will_pay_later,不是说不处理，我是说过几天,1,hardship_unspecified
will_provide_documents,回家后发病历,1,hardship_unspecified
willing_but_unable,想还但没钱,3,repayment_inability
willing_to_pay,想还,3,hardship_unspecified
willing_to_pay_fees,愿意付利息,2,hardship_unspecified
willing_to_pay_more,我有钱，我也可以往里还,1,hardship_unspecified
willing_to_pay_principal,我还本金呢,1,hardship_unspecified
willing_to_provide_documents,我、我可以提供一下截图,1,hardship_unspecified
willing_to_provide_proof,可以给咱们提交那个证明材料,3,hardship_unspecified
willing_to_resolve,我一直都想怎么解决,1,hardship_unspecified
willingness,不是不还,5,hardship_unspecified
willingness_assertion,我不是不想还,1,hardship_unspecified
willingness_statement,一直有还款意愿,15,hardship_unspecified
willingness_to_pay,不想有逾期,20,hardship_unspecified
willingness_to_pay_if_able,有钱了不就还进去了,1,hardship_unspecified
willingness_to_pay_today,今天都行唉,1,hardship_unspecified
willingness_to_repay,我是有这个还款意愿,3,hardship_unspecified
work_absence,请了假,1,hardship_unspecified
work_busy,工作忙,1,hardship_unspecified
work_commitment,人在外面干活,3,hardship_unspecified
work_condition,高空作业,3,hardship_unspecified
work_conflict,上班时间手机开会或者什么的时候，我肯定没听到,2,hardship_unspecified
work_constraint,上班不方便,12,hardship_unspecified
work_delay,空放……放到现在还没收到东西去干活,1,hardship_unspecified
work_family_conflict,找个能带孩子上班的工作,1,hardship_unspecified
work_habit,跑车时可能因安全不接电话,1,hardship_unspecified
work_intention,想把精力放到工作,1,hardship_unspecified
work_obligation,给客户也交加条,1,hardship_unspecified
work_place,在人家饭店里面,1,hardship_unspecified
work_restriction,厂里不能拿手机,1,hardship_unspecified
work_schedule,12点多钟或者晚上五六点钟正是忙的时候,19,hardship_unspecified
work_situation,我长期有的时候在外地的，来回两边跑的,1,hardship_unspecified
work_status,在上班,3,hardship_unspecified
work_to_pay,我只有赚钱了、上班工作了，我才能还你们的钱,1,hardship_unspecified
working,上班,4,income_loss
working_collecting,在外面收款,1,hardship_unspecified
working_outside,在外面干活,1,hardship_unspecified
working_to_earn,在努力上班挣钱,1,hardship_unspecified
workplace,国家大学科技园,4,hardship_unspecified
workplace_confirmation,这个可以,1,hardship_unspecified
workplace_description,我们这边是在街上那种,2,hardship_unspecified
workplace_info,单位在大厂那边,1,hardship_unspecified
workplace_type,是个小厂,1,hardship_unspecified
would_repay_if_had_money,我要是有钱，早早就还了,1,hardship_unspecified
账单金额,2887652,2,hardship_unspecified
absence_excuse,出差了，手机没在身边,1
accept_consequence,保不了征信也认,1
accept_stop_card,接受停卡,1
acceptance_of_legal_action,接受诉讼,2
accepting_initial_payment,我现在还个3000多块钱,1
accepting_total_debt,总欠款我无所谓了,1
account_balance_inquiry,我这块显示还款金额,2
account_balance_negative,账户负900,1
account_change,换了卡卡,1
account_check,我去看了下账单,1
account_dispute,它也是占用信用卡额度了,10
account_frozen_concern,如果我的卡全部被冻了情况下,2
account_frozen_or_blocked,突然又卡死了我用,2
account_frozen_or_deducted,给我扣了，直接扣光了我当时腿都软了,2
account_identified,看到招商银行6539账户,1
account_information,手机APP上面，不写的就是6月24号，这个要么就全款，要么就是还多少，办8000多吗,1
account_modification,修改成功了,1
account_overlimit,我账户好像是已经超额1800多了,1
accruing_interest,利息和罚息跟着我,1
accusation,不接你们还说说我是恶意欠款不还钱,1
acknowledge_consumption,确认消费是自己所为,2
acknowledge_debt_amount,是40000块钱,1
acknowledge_delinquency,知道逾期,3
acknowledge_notice,看到短信,2
acknowledge_principal,认本金,1
acknowledged_amount,我必须还1700,1
acknowledged_consumption,看过了,1
acknowledged_discussion_with_family,讲讲过啊,1
acknowledges_contact,我知道今天已跟我联系过了,1
acknowledges_delinquency,知道逾期,1
acknowledging_benefit,这个方案对我有好处,2
acknowledging_deadline,我知道现在进不去,1
acknowledging_shortfall,可能是没有还完,1
acknowledgment_of_default,违约在先,1
action_check_app,去了招商APP看,1
action_plan,计划今天下午主动打电话,1
action_promise,回家后发病历,4
active_collection,一直在催,2
active_repayment_action,在银行办卡,1
actively_chasing,我也一直在催,1
address_constraint,需要经过房主同意,1
address_detail,栋81,4
address_discrepancy,不是企用,1
address_evasion,公司噢，它不应该查得到,1
address_not_changed,户籍地址没有,1
address_not_owned,那个不是我的房子,1
address_unavailable,他们没在老家,2
address_uninhabited,没有了,1
admission_of_fault,逾期是我的不对,1
admission_of_negligence,我忘不还了,1
admission_of_usage,消费了,2
admitted_mistake,银行记错了,1
affordability_concern,一个月还1000多，我可能还不上,1
affordable_range,10000多20000能想想,1
agent_leaving_post,你去离开我工作岗位,1
agent_recommendation,对方推荐第二种方式,1
agreed_amount,同意还款3426,2
agreed_deadline,对，七点半之前,2
agreed_payment_plan,下一次还是7月1号再还,2
agreement_process_question,方案是怎么签电子合同,1
already_overdue,我现在已经逾期了,1
already_paid,刚钱都给你了,1
already_paying,我已经在还了,1
alternative_plan,提及先还一年每月3670的方案,1
amount_confusion,信息要还4000多,4
amount_due,这个月23900,1
amount_needed,六百、六百六、七百,1
app_issue,没有自己写多少钱的选项,2
application_rejected,申请分期没通过,1
approval_first,提先申请下来,1
arranged_payment_method,用别人的微信，我朋友微信帮我绑定好了来还,1
arranging_funds,统筹资金,2
asking_for_procedure,失业证明怎么开,1
asking_interest,询问利息,1
asking_interest_rate,循环利率是多少,1
asking_principal,本金是多少,2
asking_total_amount,总共是多少,1
asset,车,1
asset_deficit,把我房子卖了，还倒欠银行10万块钱,1
asset_freeze,已经财产保全,1
asset_liability_ratio,房子资不抵债,1
asset_liquidation_failure,店铺从过了年到现在都没有转出去,1
asset_liquidity,挂失去的那套房子，现在还没有卖出去,1
asset_listing,房子挂在那,1
asset_loan,贷款买了,1
asset_mention,还有个房子，可能把它拍卖了，还能值一点钱,1
asset_mortgaged,已经抵押给银行,4
asset_problem,房子烂尾了,2
asset_sale,房子卖了,2
asset_sold_time,卖了两年了,1
asset_type,动账是不动产,1
attempted_action,我早上去了的,1
attempted_but_left,刚才我去一趟，太忙了，我就走了,1
attempted_contact,今天我又打了几个电话,1
attempted_installment,给交通银行打电话想分期,2
attempted_solutions,我也有试着去周转，跟家里反馈,3
auto_debit,自动扣,1
auto_debit_expectation,储蓄卡自动扣,1
auto_payment_setting,信用卡是自动还款,1
availability,我什么时候都方便,1
available_contact,我本人就有业务电话,1
avoid_being_deadbeat,我不想成为老赖,2
avoid_borrowing,我不想麻烦人家别人,1
avoid_consequences,现在还完之后不要给我领那个什么实际,1
avoid_contact,希望不要先跟紧急联系人联系,1
avoid_default,不想当老赖,1
avoid_redefault,不想二次违约,1
avoidance,现在不方便讲话,1
avoidance_family_disclosure,我年龄大了，也不想跟他们说,1
awaiting_others_response,他们还没回我信息,1
awaiting_payment,等那个叫伙转钱过来,2
aware_of_bill,下载了APP能看到账单,1
aware_of_consequences,二次逾期会很严重,1
aware_of_future_bills,下个月还有,1
aware_of_installment,知道有账单分期,1
awareness_delay,今天才看到,1
awareness_of_debt,一直在看账单,1
background_knowledge,我是银行出身的,1
balance_inquiry,我还了那个5198的话，我还剩多少钱没有还,1
bank_account_info,一直扣钱是在工商银行扣的,1
bank_account_issue,储蓄卡现在还不了款,2
bank_card_existence,好像有一张,1
bank_credit_limit_reduction,银行吞了我5000多块额度,1
bank_freeze,还了最低额度后银行未经通知冻结了卡,1
bank_history,第一张信用卡用的是招行,2
bank_identity,是招商银行,2
bank_limit,当天限额,1
bank_not_reduced_limit,招商银行没给我降额,1
bank_policy,银行说只能等逾期,2
bank_policy_dispute,私自更改客户的账单日和还款日,3
bank_promotion_pressure,天天打电话叫别人借借借,1
bank_staff_advice,工作人员建议分期,1
bank_telemarketing,银行电话推销借款,2
bank_verification_required,需要去银行验证,1
banking_experience,我以前可能在银行做过的,1
basic_living_difficulty,日常开销吃饭有问题,1
basic_living_expense,房子目前来说是相对来说对自己已经是很基础的了,1
basic_need,要吃饭用的,1
billing_date,账单日18号,2
billing_date_inquiry,以前不是10号出账,1
borrowed_for_others,替别人借钱,1
borrowed_from_friend,朋友借了1500,1
borrowed_from_others,亲戚朋友都借了,1
borrowing_attempts,我今天借了，借了好几个人,1
borrowing_attempts_failed,能开口的都开过口了,1
borrowing_for_payment,借3000块先还进去,2
borrowing_intent,我要去借钱来还你们,3
borrowing_restriction,不会去各平台借,1
business_capital_tied_up,货都压在外面了,1
business_downturn,今年行情比较差,1
business_duration,前年就开始的,1
business_financial_difficulty,公司方面出了点问题,2
business_hardship,创业，小吃小摊吧，小小个体,1
business_investment,投资做生意,2
business_irregularity,当时做业务的话是没有走这个公司的账,1
business_issue,客户那边出了点问题,2
business_partner,搭档的营业执照,4
business_partner_fund_withdrawal,合伙资金被抽走,2
business_receivables_uncollected,客户那个尾款去收了，没有收回来,1
business_restart,重新开始事业,1
business_struggling,做生意在熬,2
business_use,信用卡用于投资做生意,2
busy_excuse,昨天跟他说忙,1
busy_now,手机有事情,1
busy_with_other_affairs,在外面办事,2
buyer_interest,有人在看,1
calculated_plan,核算了还款方案,1
calculation_discrepancy,550乘以36等于34200,2
calculation_of_shortfall,644一个月12个月才7000多,1
call_attempt,我回过去不过了,2
call_handling_issue,你们说有专员接，然后他挂了,1
call_history,你们今天早上有个工作人员给我打了电话,2
call_issue,刚才打电话给你们打不通的,1
cannot_access_funds_remotely,当面我拿不过来,1
cannot_afford_2000,我现在2000多都还不了,1
cannot_afford_installment,现在办不了分期,1
cannot_afford_payment,没有能力还4137,1
cannot_get_installment,办不了期,2
cannot_pay,还不了348,1
cannot_pay_down_payment,无法支付首付,1
cannot_pay_full,一次性应该结不了,1
cannot_pay_in_full,没有全款准备,3
cannot_pay_minimum,没有能力做最低还款,1
cannot_reach_boss,见不到老板,1
cannot_resolve_by_wednesday,星期三就解决不了,1
cannot_see_loan_amount,看不到借款金额,1
car_borrowed,别人的，朋友的,1
car_damage_assessment,车辆定损,1
car_full_payment,没有没有，全款,1
car_loan_remaining,车贷还剩100000不到,1
car_loan_term,还要还一年一年多,1
car_ownership,有啊,1
car_price,车买价540000多,1
card_application_time,办卡是05年,2
card_borrowed,这个卡……是借的,2
card_cancellation,把所有的信用卡全注销了,1
card_cancellation_acceptance,用卡可以不用,1
card_closed,我关了现在张卡,1
card_closure_intention,打算不用了,1
card_control,手机给它锁住了,1
card_cycle_misunderstanding,还进去5000，以为能刷出来,2
card_details,尾数666的,1
card_freeze,信用卡以后用不了,1
card_frozen_by_bank,没还完你们就直接把我卡关了,5
card_frozen_issue,还没有跟我解决那个冻结的问题,1
card_frozen_prevents_payment,你给我封了，我怎么还,1
card_inactive,卡片暂时不怎么用,2
card_issue,刷坏了,1
card_limit,信用卡总额度才72000,1
card_limit_reduction,银行降额,4
card_locked,卡已锁,1
card_lost_or_frozen,信用卡没了,1
card_low_usage,没什么大的用,1
card_mismatch,绑的不是2099,1
card_not_received,未收到分期卡,1
card_number_confirmation,我41875啊……7315对,1
card_rotation,卡来回倒,2
card_status_inquiry,卡还是正常用,2
card_suspended,卡给我停卡了,4
card_type,白金卡,1
card_type_issue,不支持我卡啊，商务卡,1
card_unfreeze_timeline,明天上午1点会结,3
card_unrecoverable,收不回来卡,1
card_usage_confirmation,卡片是本人使用,1
card_usage_desire,这卡我还想用,1
card_usage_habit,我不用信用卡,1
card_usage_intention,还想用卡,1
caregiver_role,在家带孩子,1
cash_flow_concern,还了这个月下个月又没钱,1
cash_flow_constraint,手上要留一点钱,1
cash_flow_crisis,资金链要断了,1
cash_flow_difficulty,这2个月不太好周转,1
cash_flow_obligation,进账有失，没有捂热就送出去了,1
cash_flow_problem,回款出问题了，没有回到款项,5
chasing_others,我现在也在催,3
checked_bill,重新进了招行APP看了一下账单,2
checked_platform,挂完电话后去平台查了,1
checking_minimum_payment,最低还款额我看了,1
child_care_responsibility,孩子还上学,1
child_expenses,他也要有一些异常的开支,1
childbirth,刚生完小孩,2
childcare,在家带孩子,2
childcare_responsibility,在给小孩喂奶,1
citing_regulation,国家那个信用卡是暂停条例70条,1
claim_normal_use,正常消费,2
claimed_deposit,我不是已经那个卡上存了钱进去吗,1
claimed_fraud,钱是刷的,2
claimed_full_repayment,贷款都还完了,3
claimed_regular_payment,每期都正常还,1
clarification_question,这只是针对这两期的账单,4
clarifying_interest,就是我逾期的利息,1
clarifying_question,那这一期的呢？还有1300呢那笔,1
co_borrower,我和老公的名字,1
collateral,大本在银行压着,1
collection_action,已经被报通讯录了,1
collection_method,机器人打电话,1
commitment_action,后天打电话,1
commitment_amount,今天先还3124,1
commitment_time,下午两点半可以处理,2
commitment_to_pay_this_week,如果本周不管怎么样，都会想办法把它给凑到,1
commitment_today,今天下午解决,2
communication_channel,微信有收到,1
communication_constraint,我15号不一定能接到电话,1
company_decline,公司都快黄了,2
company_wide_salary_delay,都的呀,1
comparison_to_other_banks,人家银行几百都有,1
compensation_amount,要赔两百万,1
compensation_obligation,需要赔对方钱,1
complaint_about_credit_limit,还进去你们还降额度,1
complaint_about_harassment,你们没去听录音吗,4
complaint_about_minimum_payment,最低，那就是无底洞，永远还不了本,1
complaint_about_payment_cycle,还了你2000，你下面就要5000,1
complaint_about_service,不根据我的情况来帮我处理,1
complaint_intent,银行会让把通话录音返给银监会,1
complaint_interest,利息太高,1
complaint_regulator,已向银监会投诉,1
compliance,我每天会接你们一个到两个电话,1
concealment,不敢让家里人知道,1
concern_about_card_status,我的意思就是说，我这个卡还了这个钱的话，这个卡还是可以正常用的吗,2
concern_about_fees,还进去，你们要扣我利息、违约金那些,1
concern_about_future_payments,我出了这个月可能只要还2000多，但是8月份开始，我每个月要开始还，还的金额最少也是一两千多,1
concern_about_long_term,后续呢？不仅仅是下一期，因为我不是一两千,1
concern_interest_increase,分期会增加利息,1
condition_requirement,没有逾期还办不了这些,1
conditional_choice,如果明确说第二种方案不能减免，我会选第一种,1
conditional_employment,如果我有工作,1
confirm_address,那个对,1
confirmed_balance,总欠款53489.58,1
confirming_payment_deadline,要今天还上那个4600才行,1
confirming_plan_details,1600多，36期,2
confirms_income_instability,是,1
conflict_with_others,早上刚跟那个人吵架,1
confusion_about_account,忘了是还的E招贷还是信用卡,1
confusion_about_accounts,弄不清楚车贷,1
confusion_about_deduction,它不到那里面扣吗,1
confusion_about_freeze,永久冻结的话，那钱咋办呢,1
confusion_about_payment_allocation,还的这一部分钱是属于什么钱，我是不是还掉本金,1
consideration_not_refusal,我说了，我考虑，我说了我不做的吗,1
considering_card_cancellation,我卡销卡的话,1
contact_attempts,打了几次电话,3
contact_avoidance,手机都是静音模式,4
contact_awareness,应该知道的吧,1
contact_bank,给招行打电话,1
contact_date,我是5月29号联系的,1
contact_disclosure_warning,不要报通讯录,1
contact_excuse,之前我一直有事，手机不在我身上,2
contact_exists,有联系,1
contact_harassment_threat,报我的通讯录,2
contact_info_issue,办信用卡是留的我老公的那个电话,3
contact_intention,不可能失联,11
contact_lost,联系方式弄没了,1
contact_record,11号联系客服,4
contact_source,现在是你们普卡的业务员给留的,1
contact_timing_issue,你们每次打电话都只上午打，从来没有下午打过,2
contact_unclear,这个记不清了。当时留的可能都忘了，同事的吧,1
contactable_status,我本人能联系到，没有失联,1
contacted_by_colleague,同事告诉我,1
contacted_colleague,今天早上就是你打电话给我同事,1
contacted_collector,逾期后一直在对接,1
contacted_head_office,今天早上，我也给你们总部打了电话了,1
contacted_lender,给办车贷的讲了,1
contingency_plan,两手准备的,1
contract_frustration,合同履行基础丧失,1
contract_termination,终止合作,1
contract_terms,合同文本,3
cooperation_offer,愿意配合上门查账,1
cooperation_statement,电话没事随时能接,1
coping_behavior,手机调静音,1
cost_cutting,已经属于是开源节流了,3
counter_offer,5点可以,3
credit_card_cycling,信用卡还了立马刷出来,3
credit_condition,要求征信正常,1
credit_cut,你们给我抽贷了,1
credit_denied,银行不会再借给我了,3
credit_impacted,征信已经被银行打了,1
credit_irrelevant,征信对于我来说已经无所谓了,1
credit_limit_and_spending,五万额度消费,1
credit_report_concern,一次性还清之后后面会影响我们的征信吗,1
credit_report_history,前3个月打过征信报告,1
credit_report_status,已经上了征信,1
credit_report_submitted,银行把征信上报了,1
credit_report_upload,逾期上传征信,1
current_business,做那个即时零售，美你就理解成美团吧,1
current_cash,手上就4000块钱,1
current_date,今天是9号,1
current_debt_amount,只剩下2万多块点,2
current_environment,在外面下着雨,1
current_financial_limitation,我现在只有300多块钱,1
current_financial_status,身上正好500块钱,2
current_insufficient_funds,现在没有你刚才说的那么多,2
current_living_situation,现在住朋友这里,1
current_offer,现在要马上还1900多,1
current_repayment_amount,每个月还900多,2
current_transportation,骑电动车,1
current_workplace,我就在这公司,2
currently_delivering,骑着电动车,1
currently_recharging,我这不充着呢吗,1
customer_initiated_contact,主动打了三四次电话,1
daily_wage,对,1
deadline,下午5点之前,1
deadline_clarification,这个月的23号之前还足2600,1
deadline_inability,下午5点钟之前解决不了,1
deadline_mentioned,没超过六点半就没办法协商了,2
deadline_pressure,非得让我礼拜五下午必须解决,1
deadline_today,还700多仅限于今天,1
death_of_family,人已经走了,1
debt_amount_acknowledgement,太多了,1
debt_amount_and_growth,卡额是60000的额度，现在滚到80000多,1
debt_amount_confusion,两期不是要还9000多吗,1
debt_amount_disbelief,有那么多吗,1
debt_amount_large,看到最低还款要几万,1
debt_amount_small,额度不大,1
debt_attitude,不想欠钱,1
debt_calculated,算过,1
debt_cause_family,我为什么欠账？我就是父母搞的,1
debt_collection_effort,我一直在要账,2
debt_collection_failure,要账要不上了,2
debt_collection_issue,工款要不回来,2
debt_composition_understanding,噢，你就说这个里面包含5月5号还包含5月5号和6月5号的,1
debt_comprehension,理解账单构成,1
debt_consequence,逾期产生这么多利息,1
debt_cost,这两年我手续费都扣了好几万，七八万,1
debt_dispute,总欠款超过本金,1
debt_duration,从23年到到现在有三四年,1
debt_evasion,逃废债,0
debt_extension,有几张信用卡，它都帮我延期了都五年,2
debt_from_friend,有朋友少我钱还没给我呢,1
debt_from_others,下游货款欠钱,4
debt_from_third_party,帮朋友筹借，朋友做生意亏损不还钱,2
debt_growth,利息滚得越来越大,1
debt_history,之前有一笔30000多的分了12期，还了四期，还剩八期没还,1
debt_increase_confusion,越还越多,1
debt_increasing,钱越欠越多,2
debt_maintenance,开通补息钱维持账务,1
debt_negotiation,正在与别的银行沟通减少房贷,1
debt_overwhelming,欠款太多,1
debt_owed_to_customer,欠的钱一直没还我,2
debt_period,一到三月份的账,1
debt_proof,欠款证明也有的,1
debt_ratio,欠六倍多,1
debt_responsibility,房贷是您爱人在负责,2
debt_restructure_request,两个账户一起还,1
debt_statement,上个月借了1500再还人家1000,1
debt_uncertainty,招商银行的信用卡是有多少钱呢,2
debt_understanding,循环利息、违约金是从24号到现在产生的,1
debtor_delay,那边拖我,1
default_reason,导致逾期,1
defensive,不是选择性还款,2
defensiveness,嗯，你要干什么,1
deference_to_creditor,我得尊重你们的,1
deferred_payment,什么时候我能赚够钱了，我再开始还吧,2
delay_info,要等1个月,1
delayed_payment,本的钱不是现结,1
delayed_work,空放……放到现在还没收到东西去干活,1
delegation,我回电就叫老婆给我看了,1
delivery_address,寄到三阳时代也可以,1
demand_full_settlement,要求全部本金停息分期,2
demand_waiver_and_installment,诉求是违约金利息减免后分期,1
denial_of_evasion,我没有失联,2
denial_of_hardship,我没有困难,1
denial_of_misuse,我们销售卖的那个地方不是在那个地方拿的，那个地方不是屠宰场,1
denial_of_ownership,我自己没有啊，没有店铺啊,1
denial_of_specific_transaction,那这个不清楚噢,1
denied_negotiation,你们说没有协商还款的办法,3
deny_blame,没有说是你们导致的,2
deny_default,不认违约,1
deny_frequency,我没有说每个月都买,1
deny_intent_to_default,不是想要赖账,1
deny_receipt,没有收到诉讼短信,1
denying_bad_faith,我不是老赖,2
dependent_elderly,老人,2
deposit_attempt,昨天存的,1
deposit_time,昨天存的,1
desire_for_negotiation,我是想协商分期的,1
desire_full_repayment,想全部一次性还,1
desire_installment,想要还本金个性化分期,1
desire_to_borrow,想贷款,1
desire_to_close_account,我是想还处理掉这张卡的,1
desire_to_communicate,我是想跟你们沟通啊,1
desire_to_negotiate,我一直想跟你们协商,1
desperation,活不了了,2
difficulty,添加我太费劲了,2
difficulty_getting_certificate,失业证明不好开,1
direct_contact_preference,你直接和我联系就行了,1
disclosure_dispute,办卡时未被告知条款,1
discrepancy_in_amount,95000的现在怎么有99000多的,1
discrepancy_in_balance,总欠款比实际少1000多,1
discrepancy_inquiry,我的额度一共是59000，怎么成了94000了,2
dispute_agreed_date,我记得通话录音里面讲得很清楚啊，是今天啊,1
dispute_calculation,不知道怎么算出来的,1
dispute_deadline,短信发的也是2天之内,3
dispute_due_date,6月份不是到21号才是还款日吗,1
dispute_failure,我没有经账失败,1
dispute_payment_date,5月份弄的，6月份还款了,2
dispute_plan_type,不是个性化分期,1
dispute_reason,封卡的原因不是我的原因,1
dispute_risk,我的钱都是正常的,1
disputed_installment,分期是你们打电话来办的,1
disputed_terms,当初说12期400多利息,5
dissatisfied_with_offer,减免也没达到我的要求,2
distrust_of_bank,网上说招商银行催款骗人,2
document_issue,证明还没有看清,4
document_provision,银行卡流水和失业证明,1
document_submitted,资料我已经提交过了,1
document_uploaded,已上传资料,2
down_payment_amount,首付2594,1
due_date_awareness,今天是最后还款日期,1
due_date_confirmation,我是5月10号的,1
due_date_info,上个月20号要还一个分期,2
early_contact_attempt,我还没有逾期之前，我就给你们打电话，我说我需要去协商,1
early_repayment_request,5月底28、29就说要结清,1
early_report,8月报备,1
education,硕士学历,1
education_expense,还要考虑到上学的这一块,1
elderly_dependent,我妈已经80多岁了,2
elderly_dependents,六七十岁,1
emergency_contact_used,紧急联系人已经联系了我的亲人,1
emotional_attachment,不舍得,1
emotional_state,心情不好,4
employer_bankruptcy,公司已经空了，跑路了,1
employer_contact,公司领导打电话问复工,1
employer_failure,单位无法发工资,1
employer_owes_money,公司欠我的钱,3
employer_payment,公司已经给我打了,1
employer_policy,国企不允许协商,1
employer_wage_arrears,公司欠薪,9
employment_change,之前自己做生意，现在开始上班了,1
employment_difficulty,年纪大找工作不好找,3
employment_prospect,可以去找工作了,2
employment_rejection_due_to_overdue,因逾期被拒录用,1
employment_start_date,上个月底,4
employment_type,民营企业,1
employment_uncertainty,不可保证找到工作,1
environmental_distraction,现在正排队要进站，有点乱，听不大清,1
environmental_reason,在外面很吵,1
evaluating_best_option,我还3000多就把我所有的违约金和利息都给我免掉是最合适的,1
evidence_claim,有录音,2
excessive_calls,今天已经打了四个了,1
excuse,信号不好,2
excuse_delay,太忙了还没弄,1
exhausted_efforts,已尽所有努力,1
existing_documentation,我给别的银行提供的那、那个就是家庭情况说明,1
existing_installment_issue,之前办的分期解决不了,1
existing_mortgage,现在还有按揭,1
existing_negotiations,与其他银行已协商分期,2
existing_repayment_plan,不断在做分期,1
expected_amount,资金到位20万,1
expected_funds_date,他们那款是要10号到12号左右,1
expected_funds_delayed,有一笔款还没到,3
expected_funds_this_week,应该是周内，就是银行他们打款的话应该是周内,1
expected_future_income,预计本月有笔款进来,5
expected_incoming_funds,当时是律师跟我讲说会有一笔款项进来,1
expected_payment_date,20号左右,1
expected_payment_time,大概是中旬的时候,2
expected_payment_today,今天必须要今天就给我的,1
expected_salary_amount,发2000多3000块钱,1
expected_timeline,个把星期,3
expected_total_repayment,还10000、11000到12000,1
expense_detail,连学费的生活费补课,1
expense_explanation,消费,1
expense_statement,孩子上学一个月4500到5000,5
expense_type,日常消费,1
explaining_circumstances,说明情况,1
expressed_willingness_to_negotiate,我那天也打电话过去，我是想协商的,1
external_debt_uncollectible,外面的钱要不回来,1
external_delay,人家没给我打,3
external_fund_delay,钱一直没出来,1
external_funding,朋友给我打款,1
external_funding_pending,钱款没给我接过来,1
external_hardship,疫情,4
external_help,朋友说晚点会给您帮助,1
external_interference,他们一直不让拿手机,1
external_obligation,在外面有事,2
external_obstacle,地方在下雨,2
external_payment_failure,对方没给我汇款,4
external_payment_promise,对方确保2天内汇3000,1
external_reference,政府,1
external_resolution,总公司想办返现,1
extreme_difficulty,难到一定程度才逾期,2
extreme_effort,我甚至都想去卖血,1
extreme_hardship,餐都吃不起,1
failed_contact_attempt,回拨没人接,2
family_aware_of_credit,我妈妈拉了我的征信,1
family_breakdown,公夫都没有了,1
family_busy,他们都在忙,1
family_contacted,家里我也联系过了,2
family_disclosure,家里摊牌,3
family_disclosure_concern,家里收到了,1
family_estrangement,和家里不联系,1
family_financial_depletion,家里所有的钱全部拿完了,1
family_financial_loss,家庭被骗20多万,1
family_financial_role,父亲是共同还款人,2
family_financial_separation,有房产但不用我还,1
family_financial_status,爱人没有工作,3
family_financial_strain,爸没上班,1
family_info,母亲叫张建芳,1
family_injury,家里人摔倒了,5
family_medical,家里面有人做手术,1
family_medical_expenses,床是瘫在床上的，需要药，老公病了也需要，小的要生活费，大的要,2
family_member_at_address,我妈还在,2
family_member_location,我母亲在深圳,1
family_member_residence,哥有时候会在家里住,1
family_obligations,父母年龄大了,1
family_occupation,父母是农民,1
family_presence,家里有老人住,1
family_pressure,太太急了,1
family_rejection,他们态度很不好,1
family_repayment,家里曾还42万,1
family_residence,一家老小都住在这里,1
family_shock,都吓死了,1
family_support_ended,现在他们没能力再帮我还了,1
family_support_exhausted,从老家父母给我寄了60000块过来，被我给还没了,1
family_support_insufficient,可能加起来这个金额太大了，他们也没办法负担,1
family_support_loss,父亲不给抚养费,1
family_support_used,前面几期我之所以能还上就是因为跟他们讲了,2
family_unemployment,老婆失业,1
family_unwilling_to_pay,家里不太想拿,1
family_willingness,他们是非常愿意帮助我的,1
fear_of_harassment,怕骚扰到朋友,1
fear_of_legal_action,不想走到那一步,1
fee_complaint,扣费,2
fee_concern,利息跟违约金,1
fee_penalty,循环利息加违约金,1
fee_waiver_confirmation,利息等于是给我减免了,1
fee_waiver_discussion,减免循环利息和违约金,1
financial_burden,每个月得给他买药,5
financial_calculation,你原先的分期订单加你这次分期订单，一个月也不会超过3000,1
financial_collapse,现在维持不下去了,1
financial_plan,打算先存钱,1
financial_restriction,银行限制太多,1
financial_sacrifice,孩子的补课班都不给上了,1
financial_uncertainty,不敢答应每期有固定钱存进去,1
first_contact_with_plan,第一次提供方案电话,1
fixed_expense,房租是确实是避免不了的,1
forced_repayment,被动结清,1
forced_spending,没办法才刷的,1
forget_debt_amount,整共这张卡多少钱我都忘记了,1
forgot_to_pay,有点事情把这个事情忘记了,1
fraud_case_filed,被诈骗已经立案,1
friend_info,姚志强是朋友,1
frozen_account,冻结账户解封,2
frozen_duration,两个星期左右,1
full_payment_intention,17000全部还到这一期,1
full_payment_made,现在账单出了那个金额，不是吗？我全还掉了,1
fund_amount,里面110000多,2
fund_coming_soon,钱2天内能解决,1
fund_source,从老家转过来的,1
fund_usage,付货款,3
funds_deducted_by_third_party,被支付宝扣了,1
funds_exhausted,之前提完了,1
funds_form,现金,1
funds_held_elsewhere,我头的那10000多我一直里面就、就是有10天10000多这里吧,1
funds_in_transit,资金在沟通,1
funds_lent_out,我把钱借出去了,1
funds_raised,筹到了,1
funds_reclaimed,钱人家又给我要走了,1
funds_redirected,钱用在别的地方,1
funds_risk,怕还进去被划扣,1
funds_seized,钱被划扣,1
funds_seized_by_other_creditor,凑了点钱被别的公司扣走了,1
future_action_plan,我下午回来,2
future_billing_date,7月10号出账单,1
future_card_use,后面还完了以后能用,1
future_concern,解决了下个月呢,1
future_employment,马上会去找工作,1
future_funds_inflow,剩下其他钱都回来了,2
future_income_possible,过过会有，得几个月,2
future_income_timeline,这3个月的一个时间,3
future_intention,有了我肯定就会还，不是说不还,6
future_payment_burden,后续每月要还五六千,1
future_payment_commitment,明天上午还进去,6
future_payment_query,以后每个月还要还多少钱,1
future_plan_question,一年之后呢,3
future_plan_statement,明年就继续逾期,1
future_repayment_promise,现在没有，近期有了会还,2
future_risk,担心二次逾期,1
gathering_funds,现在在集资金,2
geographical_distance,距离2000公里,1
giving_up,现在坚持不下去,2
goal_get_certificate,想拿到大本,1
goods_in_transit,在海关,3
government_subsistence,政府给开的最低保障,1
gradual_repayment_intent,能还的时候先慢慢还,1
gratitude,很感谢银行给到这样的政策,2
group_impact,共26人受影响,1
harassment_call,接到骚扰电话,1
harassment_concern,每天我一看，一忙下来闲下来之后，手机里面好多未接电话，我就怕是不接电话,1
harassment_frequency,每天得接100多个电话,1
harassment_from_other_debt,手保天天打电话,1
hardship_claim,特殊困难,1
hardship_documents,失业证明,3
hardship_duration,困难持续半年,1
hardship_plan_application,申请了个性化分期,2
hardship_program,个性化还款方案,1
hardship_proof,困难证明,2
has_benefits,有五险一金,1
has_bound_card,我绑定过我的微信，绑定过这个信用卡,1
has_car_loan,有个车贷,1
has_card,我知道，我有卡呀,1
has_helper,旁边有人可以帮忙,1
has_informed_family,讲过了,1
has_mortgage_property,房子只有那个……款房,1
has_other_debts,10号需要还款,1
has_overdue_history,上个月欠你们钱,1
has_payment_channel,微信有信用卡还款功能,1
has_receipt,有开发票的呀,1
has_reported,已经跟你们报备了,1
has_seen_bill,看过我这个账单金额的APP,1
has_some_funds,肯定是有一点的，哪里可能一分钱都没有,1
has_vehicle,自己名下有一部车,1
has_work,在干活呢,1
hearsay_principal_installment,网络上有人可以做到本金分期,1
hiding_from_family,没敢告诉家人,1
high_debt_ratio,负债率有点高,1
high_frequency_calls,一天打五六个电话,2
high_minimum_payment,最低还款额高,2
high_penalty_fees,罚息都还了五六万,1
high_penalty_interest,罚息都五六万了,1
high_profit_contribution,贡献了至少二十万利润,2
higher_installment_example,后12期每期还1300,1
historical_default,断断续续逾期,1
historical_interest_paid,我这张卡15年以来我给了你们招行加了利息，我上次查过一次我都加了将近120000的利息,2
historical_minimum_payment,最低还款700多,2
historical_payment_behavior,以前基本上没有循环利息,1
home_after_7pm,晚上吧。七点钟以后吧,1
homeless,在外流浪,1
honesty,不想画饼,1
hospitalization_dates,14号入的院，6月1号出的院,1
house_area,109,1
housing_loan,房子是房贷购买,2
housing_size,92个平方,1
housing_status,租在东丽区,5
identity_business,我们做生意的一般都不会,1
identity_conflict,我身份证上就是那个地址,1
ignored_notice,没看,1
illness_and_caregiving,我生病这几年娃也没上班,1
illness_observation,还在观察,1
illness_relapse,二次复发,8
immediate_payment_intent,我今天还了就好了,1
imminent_action,这2天就要去,1
in_progress_action,正在打电话处理,1
in_transit,正在骑车,1
inability_to_pay_interest,利息还不上的,1
inability_to_repay,还不上了,2
income_and_expenses,房贷车贷共一万,1
income_decline_duration,今年吧,1
income_denial,拿不到那么多,1
income_dependency,我得干活才有钱,1
income_interruption,收入中断,2
income_potential,月薪20K,1
income_problem,工资出现问题了,2
income_stable,家庭收入情况是没有问题的,1
income_stable_now,之前好多年不稳定，现在应该没问题了,1
income_used_for_repayment,每个月的工资都要还,1
incomplete_material,短信记录截图不全,1
inconsistent_information,今天中午那个工作人员不是这样说的,1
inconvenience,开车不方便,1
increased_amount,逾期后额度抬高,1
increasing_balance,账单还会越浮越高,1
increasing_payment,每个月让我还的越来越多,2
indifferent_to_lawsuit,走到诉讼那一步无所谓,1
industry_mention,做房地产相关行业,2
information_request,询问本金总额,1
information_seeking,询问一千七百多是本金还是含利息,1
injury_or_health_issue,人在医院,5
inquire_amount,逾期该还的多少,1
inquire_card_adjustment,询问信用卡调整,1
inquire_minimum_payment,询问最低还款金额,1
inquire_operation,询问后台操作,1
inquiring_bill_amount,询问账单金额,1
inquiring_installment_plan,询问分期方案,1
inquiring_interest,询问利息,1
installment_48_possible,48期能申请下来,1
installment_60_uncertain,60期需要看本省,1
installment_amount_inquiry,分多少,1
installment_concern,同意分期但利率高,1
installment_count_query,还有哪期,3
installment_history,之前好像是12期,3
installment_info,12期分期,2
installment_offer,分24期,1
installment_period,48期,1
installment_rejected,交通银行说搞不了,2
installment_term_dissatisfaction,48期太少了吧,1
installment_termination,终止了,1
insufficient_income,收入不够去还逾期的还款,1
insurance_payout,保险公司打款,1
insurance_process,办保险,1
intend_to_keep_card,那肯定用啊,2
intended_payment_amount,本来想还960,1
intent_to_pay_full,钱到了全额还款,1
intention_to_avoid_default,不想把汽车贷款逾期,1
intention_to_earn,想挣到钱来还,1
intention_to_negotiate,本意是想协商,2
intention_to_pay_full,想一次性结清,4
intention_to_repay_when_able,有钱就接着还,1
intention_to_settle,我打算一次性结清,2
interest_calculation,一天6块,5
interest_concern,循环利息,8
interest_earned,利息挣得盆满钵满,1
interest_exceeds_income,利息赶过我半个月的工资,1
interest_exceeds_principal,总共还利息多是五年，可能已经超过我的本金了,1
interest_increase,利息越来越多,2
interest_increasing,利息越倒越多,1
interest_issue,以前分期的利息,2
interest_question,方案不会产生利息,1
interest_rate_disparity,大企业利率低，小企业利率高,1
interest_reduction_inquiry,4月份利息减免,1
interest_refund_inquiry,现在不是可以申请那种利息的返还吗,1
interest_suspension_request,停利息,1
interest_waiver_request,这个的话是那个未未出账单的利息，这个是可以直接减免掉的吧,1
interested_in_plan,我想听一下第二个方案,1
interruption_of_work,你们还在那个时候来中断我的工作,1
investment,在投资些东西,3
investment_type,虚拟,1
job_duration,跑了半年多,1
job_info,在国际车上班,1
job_insecurity,公司裁员降薪,1
job_loss_reason,是辞退啊,1
job_loss_risk,丢了工作,2
job_occupation,跑顺丰,1
job_offer_pending,工作也快落实了,1
job_search_and_future_plan,我也一直在找工作，有收入了会主动联系银行处理的,3
job_search_failure,没有合适的,1
job_search_restriction,不能走远的，找这附近了,1
job_security_threat,如果被告知单位的话，我认我死了更还不上,1
job_status,普通员工,2
knowledge_of_bank_process,银行流程我都知道,1
knowledge_of_consequences,研究过后果,2
knowledge_of_negotiation,知道可以协商,1
knowledge_source,网上看到个性化分期,1
known_credit_limit,我知你们银行一下是39000的额度,1
lack_awareness,没看停卡短信,2
lack_of_authority,你做不了主,2
lack_of_contact,很久没对,1
lack_of_disclosure_proof,没有任何你们招商银行的工作人员有录音录下或者有签字,1
lack_of_evidence,手机APP看不到新协议,1
lack_of_payment_knowledge,不知道是怎么还,1
lack_of_proof,没有开工条,1
lack_of_support,前夫不照顾,1
lack_of_technical_skill,不会转账,1
lack_of_written_confirmation,他说给我说了一个数字4000多，2000多也不给我发个短信,2
large_debt_mention,20000块钱,1
large_temporary_limit,临时额度很多,1
larger_debt,广发那边是欠的比较多的,1
late_call,晚上八九点接到催收电话,1
late_negotiation,征信上传后才协商,1
lease_expiry,快到期了,1
legal_action_against_third_party,正在起诉朋友,2
legal_case,立案,1
legal_consultation,跟律师那边协商,1
legal_enforcement,还基金款,2
legal_ineffectiveness,报警没有用,1
legal_issue_resolved,官司的事情我都理顺了,1
legal_liability,连带责任,1
legal_proceeding_absence,执行会我都没参加,1
legal_process,责任认定书,3
legal_rights,要求撤回第三方授权,1
legal_threat,法院,4
legitimate_purchase_claim,猪肉的话，你销售里面逾期是正规的屠宰场进行消费的,1
lending_to_others,钱借给别人,1
life_difficulty,最近不顺利,2
limited_accounts,就这一张卡,1
limited_repayment,我只能还这么多,1
limited_repayment_amount,最多能还500-1000,1
listing_attempt,已经挂过一次了,1
living_at_workplace,搬到了单位地址住,1
loan_count_query,几笔贷款,2
loan_date_query,什么时候贷的,2
loan_history,被批E招贷,1
loan_near_end,E招贷没两期了,1
loan_nearly_paid,快还完了,1
loan_overdue,房贷应该逾了,1
loan_term_dispute,只需要12个月,2
location_away,没在家，我在外地,3
location_business,店铺,1
location_context,在楼顶,1
location_status,目前不在家,1
login_issue,登录不上,1
long_term_account,用了20多年,1
long_term_banking_relationship,我跟招商合作已经是很多年了,1
long_term_cardholder,用多长时间的卡了,1
long_term_contact,找了几个月,4
long_term_delay,一到两年之后,1
long_term_financial_issue,大半年支付不了,2
long_term_installment,账单分六年,1
long_term_stress,持续几年,1
long_term_support,帮我维持了大半年,1
long_term_treatment,需要长期治疗,1
long_term_user,信用卡用了10年,1
loss_of_control,左右不了这个事情,1
loss_of_work_capacity,已经没有劳动能力了,1
lost_app_access,以前有的，换了个手机以后就没有了,1
lost_card,那卡我找不到了,1
lost_sms,找不到短信,1
low_balance,这里面就剩有百块钱,1
low_income_prospect,找工作一个月可能也没多少钱,1
low_installment_example,前24期每期还3块多,1
low_monthly_payment,前期三年他给我每个月让我还100块钱,2
lump_sum_inability,一下拿出这么多钱拿不出来,3
lump_sum_payment_proposal,两笔账单一块给,1
macro_economic_hardship,大环境影响，建筑、盖房都受影响,1
made_installment,搞了一个分期,1
made_minimum_payment,还了最低还款,1
major_surgery,去年做了开胸手术,1
making_plan,我在做这个计划安排,1
marital_status_and_origin,娘家是呼和浩特,1
marital_status_and_property,离婚，但现在还没有进行财产分割,1
market_timing,房价最高的时候买的,1
material_inquiry,房贷算吗,2
material_requirement,多个照片,2
material_type,我写的材料,3
material_unavailability,没有客观材料,1
max_installment_60,个性化分期最长可以分那个60期,1
maxed_out_borrowing,所有该借的钱都借了,1
maxed_out_credit,银行总的额度是60000，基本上都用完了,1
medical_diagnosis,没有查出来有病,3
medical_priority,先把病治治,1
medical_reimbursement,医院报销,1
memory_confusion,记混了,1
memory_uncertainty,不太记得了,1
mental_confusion,脑子很乱,1
mental_health_condition,惊恐障碍症,1
mental_state,精神脆弱,1
merchant_no_response,商家没回我信息,1
mileage_info,我注意看一万多,1
minimal_balance_reduction,少了1块钱,2
misleading_promise,他说我随时还都可以,1
misrouting,电话客服让去线下网点,1
missed_call_explanation,早上我是没拿手机,1
missed_contact_due_to_non_official_caller,你们一直没有官方来电，我就没接,1
missed_information,昨天在上班没听仔细,2
missing_card,我这没有3256的卡,1
missing_invoice,发票它也有发票但是你们也没给我,1
mistake,疏忽了,1
mistaken_belief,我以为还了,1
misunderstanding_billing,下个月也不会有账单了,1
misunderstanding_plan_duration,当时协商没注意是6个月,1
misunderstanding_repayment_date,以为20号还款,2
misunderstood_payment,我以为还完了,1
mixed_income_sources,都有吧,1
monthly_interest,一个月利息3000,1
monthly_mortgage_amount,2800,1
monthly_preparation,每个月急准备之前协商的金额,1
moral_acknowledgment,还款是天经地义的,1
mortgage_active,房贷在还,1
mortgage_default,房贷没还,3
mortgage_deferral,房贷给了延迟一年,1
mortgage_obligation,还要还房贷,1
mortgage_payment,房贷一个月6400,2
mortgage_payment_high,不上了也4000多,1
multi_account_payment,三个账户统一汇还,1
multi_bank_frozen,大家的信用卡都封了,1
multi_debt_comparison,民生银行额度比招商大,1
multi_party_dispute,对方涉及的人不止我一个,1
multiple_borrowing,借了好多次,1
multiple_debts_and_inability,不只欠一个平台,1
multiple_debts_crisis,多平台的一个……前面的一个爆发了,1
multiple_installments,这里还好多好期,1
multiple_loans_overdue,部分贷款已逾期,1
multiple_negotiations,几张信用卡同时在谈分期,2
multiple_pressures,所有的事情都逼在一起了,1
multiple_setbacks,出现了太多的转折,1
need_assistance,回家让别人操作,1
need_face_to_face,得当面那啥,1
need_family_consultation,要到晚上才能家里人回来商量,2
need_full_solution,不可能说光还这一期,1
need_long_term,抓长时间之后才能还上,1
need_time_for_income_adjustment,需要一年时间调整收入结构,1
need_time_to_raise_funds,需要时间筹钱,2
need_to_check_records,得看入院记录,1
need_to_consult_spouse,得跟他商量一下,1
need_to_discuss,表示需要和家人商量,1
need_to_discuss_with_family,需要跟家长们来说一下这个事,1
need_to_work_to_pay,我只有赚钱了、上班工作了，我才能还你们的钱,1
need_verify,我要去查,1
needs_to_raise_funds,2000多块钱我得想办法,1
negligence,太忙了，没注意,1
negotiated_plan,协商一个月还648,2
negotiated_with_other_banks,已有2、3家信用卡协商,1
negotiating,我在跟你们协商,2
negotiating_other_debts,目前已经在协商到在还的正常在还的已经是2000多了,2
negotiating_receivables,正在协商这个事情,2
negotiating_status,现在就是在协商处理,1
negotiating_with_other_bank,正在跟民生银行协商,1
negotiating_with_others,其他银行沟通60期,1
negotiation_claim,可以申请停息分期,1
negotiation_concern,协商一年后要重新弄,1
negotiation_condition,优惠政策好,1
negotiation_focus,主要诉求是利息减免,1
negotiation_precedent,其他银行申请了60期个性化分期免息,2
negotiation_process,我还得需要再把5000多先还进去，然后才能申请,2
negotiation_terms,协商的是还那个好像是最低利息,1
negotiation_timing,25号之后联系才能协商方案,1
negotiation_with_other_bank,跟光大是做了协商的,2
negotiation_with_others,每个信用卡都在协商,1
new_circumstances,需要上传新的情况,1
new_due_date,6月份已经又到期了,1
new_job_found,下个礼拜一该是找到的,1
new_job_prospect,明天去工作,1
new_job_unpaid,找到新工作但工资未发,1
new_offer,今天还款1200多,1
no_acceptable_plan,你们说那方案我确实没有,3
no_auto_debit,没绑定自动扣款,1
no_business,没有,1
no_buyer_interest,挂那价格高一点都没有人咨询,1
no_callback,没人给我打,1
no_car_ownership,车不是我的车,1
no_cash_on_hand,手里头是没在,1
no_collection_call,20号未催收,1
no_contact_with_dealer,还没有联系过,2
no_contact_with_emergency_contacts,没有,1
no_discount_applied,没给我减免,2
no_driving,没有行驶证,1
no_employer,没有单位,1
no_explanation,没跟我说过所以然,1
no_family,没有子女,1
no_fixed_stall,没什么门面或者摊位的那种,1
no_follow_up,一直没有人给我打电话,1
no_friend_support,找朋友周转，朋友也困难,1
no_funds_received,没有借到,1
no_funds_today,今天估计没有,2
no_green_book,没有,1
no_housing_expenses,无房租房贷,1
no_immediate_payment,这两天没可能,1
no_installment_option,无法分期和最低还款,2
no_installment_plan,我这个分期都没有的,1
no_intention_to_default,不想逾期,1
no_invoice_for_penalty,这次违约金你没给我开,1
no_invoice_this_time,以前这次我没开,1
no_knowledge_of_card,我招商银行信用卡的号我都不知道，我从来不用,1
no_loan_or_asset,没有,1
no_misconduct,没有吃喝嫖赌,1
no_mortgage_car_loan,没什么房贷车贷,1
no_negotiation_before_overdue,没有逾期之前没有任何协商的渠道,1
no_offer_from_bank,一直没方案给我,1
no_online_loan,网贷早就关掉了,1
no_other_loans,没有,1
no_other_sources,没有,1
no_overdue_display,没有逾期,1
no_payment,没有付款,3
no_police_update,什么消息都没有,1
no_policy_received,没有接到政策,1
no_previous_contact,从来没打过电话,1
no_repayment_means,没方式,3
no_repayment_now,我现在没办理,1
no_response_from_bank,客服未回复,2
no_savings,没有,2
no_unemployment_certificate,没有失业证明,1
no_vehicle_asset,没有，还没有车,1
no_waiver,不能减免,1
noisy_environment,我这边比较吵,1
non_avoidance,我没有逃避的意思,1
non_evasion,没有逃避债务,2
non_official_caller,都是021的,2
normal_ability_to_pay,几千块钱是应该弄得到,1
not_at_home,我还没在家,1
not_defaulting,不是欠钱不还,2
not_deliberate_default,不是老赖故意不还,1
not_due_yet,没到还款日时间,1
not_home_during_day,一般都不在,1
not_in_charge_of_finances,不管钱,1
not_in_city,现在不在武汉,2
not_malicious,不是恶意去违约,2
notification,收到短信,1
notification_channel,QQ邮箱,1
notification_off,信息没开,1
number_of_children,三个小孩,1
object_to_high_interest,不想付高利息,1
old_vehicle,好多年的老车,1
on_time_payment,我一直按时还,1
on_transport,在坐车子,1
one_car_loan,就一个,1
ongoing_payment,每个月还,1
operational_error,账户填错,1
original_amount,本来6000,1
original_billing_info,原来7号出账25号还款,1
other,今天要上拆,1
other_account_balance,招行的卡上应该还有1000来块钱的余额,2
other_account_paid,另外一个账单有自动扣过去,1
other_account_status,另一张分期卡已还完,1
other_accounts_closed,其他银行的都已经销掉了,1
other_attempts,其他地方也弄了,1
other_bank_agreement,平安银行协商一年后,4
other_bank_approval,民生那边已经办下来了,1
other_bank_concession,平安银行免利息本金,2
other_bank_example,华夏银行直接分期,1
other_bank_policies,还有两家利息减免卡片能用,1
other_bank_precedent,平安银行就是这样申请的,3
other_banks_collection,其他的银行都已经发了什么中国邮政都发到家里去了,1
other_banks_provided,其他的银行现在都已经提供了,1
other_banks_reduced_limit,别的银行都给我降额了,1
other_debt_arrangement,兴业银行已个性化分期,1
other_debt_details,交通银行每月还400多,2
other_debt_drain,平安把周转资金扣还了,1
other_debt_experience,朋友欠12年还本金,1
other_debt_negotiated,光大银行信用卡已协商分期还款,1
other_debt_or_asset,招商有房子要拿走,2
other_debt_payment,还了光修贷款,2
other_debt_pressure,人家催得紧,2
other_debt_settled,另外一张信用卡我10月份下下来时间下来吗？然后协商成功了,3
other_debtors_unpaid,起诉了好多人，也没有要回来钱,2
other_debts_priority,等我分期那些完了，那农商那些都完了,5
other_debts_status,房贷没有逾期,2
other_difficulties,里面也有一些状况,1
other_expense,加了公司交加1000多,1
other_financial_issues,其他地方出了点问题,1
other_legal_issues,这边还有官司在线上,1
other_loan_current,闪电贷按时在还,1
other_loan_paying,招行房贷正常还,1
other_loan_repayment,招商银行放了400多,1
other_loans_current,其他没逾期,1
other_negotiations,东亚谈完18期,4
other_overdue,京东也逾期,2
other_repayment,我昨天还了一笔钱到闪电贷,2
other_unreachable,朋友联系不上,2
others_debt,他们也有欠钱,2
others_financial_difficulty,现在这个大环境不好，他们现在也不稳定,1
out_collecting_payments,在外面收款,1
outdated_employment,单位信息过时,1
overall_debt_burden,总体负债量大了点,1
overconsumption,消费过度,1
overdue_account,逾期E招贷,1
overdue_acknowledgement,严重逾期,1
overdue_amount_inquiry,逾期的是44000，是吧,1
overdue_date,已经过7号,1
overdue_days,逾期前逾期分几是三……23,1
overdue_interest,逾期产生利息,1
overdue_notification,四点整发信息说过了还款时间,2
overdue_occurred,产生了逾期,1
overdue_period,逾期了两期,3
overdue_reported,逾期报了,1
overdue_start_date,上个月20号开始逾期,1
own_property,自己的,1
ownership_acknowledgment,是我的,1
paid_other_debts,刚还完其他,1
partial_funds_raised,前两天的确是没办法嘛，那也筹到一些,1
partial_payment_commitment,今天先把1600多块钱还进去,1
partial_payment_intention,拿一半出来还,3
partial_repayment_attempt,我说你帮我把这卡里边还5000块钱,1
partial_repayment_proposal,目前只能分期还利息,1
passive_approach,等有钱再处理,2
past_affordability,有钱的时候10000多都不算高,1
past_agreement,民生120000也跟我这样协议,1
past_bank_error,几年前有一次我尝试过找你们银行全部结清，结果还有一条账没给我清掉,1
past_benefits,基金前几年领了,1
past_borrowing,逾期之前已经周转过了,3
past_business,之前做生意,1
past_communication,前面也有跟你们打过电话，有说过一个事情,1
past_contact,逾期前打过银行电话办分期,3
past_creditworthiness,以前能借到几千上万,1
past_decision,分期期数少,1
past_employment_stability,公司还是很稳定,1
past_financial_capacity,社料宝里有钱,1
past_fraud_experience,看他们上被诈骗我都没管,1
past_good_credit,之前资金情况很好,1
past_inability_to_pay,之前如果可以想得到办法的话，我直接存进去,1
past_incident,去年出的事情,1
past_installment_failure,之前分期过一个卡逾期过,1
past_installment_history,办理过几次分期,1
past_intent,前几天我早就处理了,1
past_negative_experience,在民生上面吃过亏,2
past_negotiation_history,去年协商过,4
past_payment_record,之前那3个月还的2700多,4
past_payment_struggle,上个月撑着还了,1
past_payments_wasted,前家还的都是利息,1
past_repayment_pattern,前几几年一直这样还还进去再还款一个是还进利息,1
past_sacrifice,上一次还的14000本来是住院押金,1
past_struggle,之前勉强硬还,1
past_successful_help,上回有一回也是差了1天，是2天完他给整的,1
past_work_experience,我之前在银行干过,1
pay_after_salary,发了工资我就还,1
payday_confirmed,10号发工资,1
payday_delayed,12号才发工资,3
payday_info,18号还20号，20号左右,2
paying_other_bank,广发那边我已经在正常进行一个还款了,1
payment_account,我的招商银行,2
payment_allocation,付的一部分是信用卡额度还是费用,1
payment_amount_discrepancy,还款不是3300多吗,1
payment_amount_inquiry,有个是还500多的是吧,1
payment_amount_mentioned,还2500几,1
payment_applied_to_fees,全部用来抵扣利息,2
payment_barrier,卡又还不了,2
payment_channel_blocked,支付宝用不了,1
payment_claim,还了600多,1
payment_concern,利息给我扣走了吗,1
payment_confusion,7月之前说到8月份还，一直6个月，7月这俩月一下子还了2000多,2
payment_date_20th,得20号,1
payment_date_change,时间改了,2
payment_date_dispute,5月8号贷款应该是6月8号结算,1
payment_date_request,把时间调到28号,1
payment_deadline,最后还款日是25号,2
payment_delay_from_others,客户付的很慢,1
payment_delay_request,下个月再还,3
payment_inquiry,还本金还是利息,3
payment_made_to_other_account,还到汽车里面去了,2
payment_method_constraint,手上是现金,1
payment_method_question,2715要自己输金额,1
payment_misdirected,还信用卡的钱被扣掉,5
payment_missing,31500我还的去哪了,1
payment_not_applied_to_principal,还的都是乱七八糟的一点，一在本金里面1分都没还,1
payment_plan_amount,方案是811元,1
payment_plan_discussion,发了个短信说2700每月还款和600多的,1
payment_principal_question,还进来的是直接减的本金,2
payment_priority,我可能就先把这个钱去还那个小额贷款和其他银行的信用卡,1
payment_restriction,微信限制,1
payment_separation,这次分期卡和消费卡分开了,1
payment_status,已还最低,3
payment_status_check,显示就是还了那个……利息的这些东西的,1
payment_time_promise,晚上8点,1
payment_to_third_party,钱还给个人了,2
payment_too_high,有点高,1
payment_towards_interest,还了20000多，还的是利息不是本金,1
payment_transfer_issue,钱转不进来,1
payment_uncertainty,不确定还的是本金还是利息,1
peer_debt,好多朋友都欠信用卡或网贷,1
peer_example,朋友有长分期案例,3
penalty,被罚了三四千,1
penalty_charge,违约金,1
penalty_fee,分期提前还款有违约金,1
penalty_interest_accrual,罚息、利息跟着我,1
pending_friend_response,明后天给答复,1
pending_transfer,邮寄款的它说可能要九点钟才能转过来,1
perceived_creditor_patience,你们在等我,1
perceived_threat,打电话是威胁的口气,1
perceived_uncooperative,你们就不愿意啊,1
perception,感觉逾期缩短,1
perception_of_unfairness,银行已经赚了钱,1
personal_debts,朋友人情债,1
personal_emergency,5月25号正好那几天有一些急事,4
personal_expense,有买,2
personal_incident,出了点事,1
personal_opinion,这是我个人的一个想法,1
personal_status,离婚了,4
personal_use,我自己消费的，家里面用的,1
phone_not_in_use,6680这个号码好像没有再用了,1
phone_recovery,刚恢复手机,1
phone_silent,手机是静音的,1
physical_discomfort,说话费力,1
physical_limitation,现在一个手可以做,1
physical_weakness,说话都没有力气,1
plan_expired,方案失效,1
plan_not_agreed,方案未经同意,2
plan_reapplication,他有帮我重新申请那个方案,1
plan_to_repay,攒点钱还你们,2
planning_to_raise_funds,这几天该凑凑这个钱,1
policy_after_default,需要说那个逾期了之后才有这个政策,1
policy_change,政策被取消,1
policy_discrepancy,400那边只认23号之前的,1
policy_inquiry,248年以后,1
policy_terms,政策有利息,1
poor_communication,只主动接到一个电话,1
positive_bank_attitude,招行还是很不错的,1
prefer_direct_contact,不想跟第三方沟通,1
prefer_installment_plan,我可能还是得倾向于第一个,1
preference_for_installment,那个其实是最对最好的,1
prepared_for_payment,都准备好了,1
preparing_funds,我现在在积极在筹备这个事情,2
previous_ability,之前能凑钱还,1
previous_agent_behavior,之前催收员挂电话,1
previous_agent_instruction,当时帮我办这个分期的时候，我就问了，还款怎么还？他说只要还信用卡就可以了,1
previous_agent_statement,工作人员说过几万,1
previous_attempt_to_split,以前想办理过账单分期，但不支持分期,1
previous_commitment,提及之前申请48期时被告知是本金分期,2
previous_contact_attempt,我刚才给你们打电话说这个事，但是一直没接,2
previous_contact_ignored,早上已经亲自要打电话给你们，我说了半天，你们都不理,2
previous_credit_limit,临时额度比这还高，十五六万,1
previous_failed_attempts,之前申请分期，打过几次电话，转人工分期，都给我分不了,1
previous_family_support,家里面前半年都在帮我还,1
previous_good_standing,之前是优质用户,1
previous_installment_failure,之前办理分期办理不了,1
previous_installment_plan,公众号才到分期信贷,1
previous_installments,分期,1
previous_issue,上一个月还款日就影响我这边了,1
previous_medical_document,之前只上传了住院单,1
previous_negative_experience,还进去就降额,2
previous_negotiation_experience,之前哪个银行也是一样的,2
previous_normal_status,4月份正常生活工作赚钱,1
previous_notification,之前跟我说过,1
previous_occupation,做网银,1
previous_offer_amount,上午让我直接还掉3200,1
previous_payment_habit,之前一直是24号统一还,1
previous_payment_made,说1000多的时候，我都已经还进去了,1
previous_penalty_info,上次被告知有违约金,1
previous_plan,有个3000的,1
previous_plan_expired,之前方案到期了,1
previous_plan_unaffordable,之前方案一个月3000多还不了,1
previous_repayment_effort,前期在扣，也在想办法,2
previous_repayment_requirement,需要先还两千多解除逾期状态,1
previous_repayment_source,家里人在帮您还,1
previous_stability,之前工作稳定,1
primary_debt,招行欠的最多,1
principal_deduction,这个钱是抵扣我那个本金的,2
principal_only_repayment,想把本金还了免息,1
principal_reduction_request,总金额减免诉求,1
principal_repayment,每个月还要还本金,1
principal_too_large,本金太大,1
prior_attempt,我是在没有逾期的情况下就,1
prior_commitment,当时我是这么说的,1
prior_communication_content,等那个分期金额少一点，如果能还上就还上，实在还不上那只能逾期了,1
prior_communication_gap,你们之前没有跟我说要提供这些东西,3
prior_family_support,因为前面已经帮助过我了,1
prior_installment_advice,建议我做分期,1
prior_installment_agreement,之前那个客服已经给我申请了分期了,1
prior_instruction,你4月份的时候跟我说让我在5月25号主动跟400打电话,3
prior_interest_paid,之前一直给我是最低还款，利息都还了20000多,1
prior_legal_judgment,之前也被别的银行判过,1
prior_offer,之前你们给我的方案是1个月还1800,2
prior_payment,上上上个月已经还了1个月,2
prior_plan,你之前不是帮我提供了一个可以分36期的一个方案,1
prior_repayment_effort,前两个月借了6万还卡,1
priority_debt,最着急招商银行,1
priority_decision,总得想办法保一个,1
privacy_request,不希望联系家人,1
probation,实习阶段,1
product_type,E招贷,1
project_delay,工程延期,2
prolonged_arrears,这次出的时间太长了,1
prolonged_difficulty,可能会持续一段时间,1
prolonged_negotiation,沟通好几天了,1
promise_by_third_party,他到15号给我还,1
promise_from_third_party,他确定了,2
promise_of_interest_waiver,当时给我说的是停息,3
promise_to_contact_bank,会主动联系银行,1
promise_to_pay_after_salary,发下工资来立刻还上,1
promise_to_pay_soon,5分钟之内进账,2
promise_to_pay_when_able,有钱我这边会还给你们,2
promise_to_respond,明天给答复,1
promised_action,说七点钟之前处理,1
promised_negotiation,客服说协商,3
promised_payment_delayed,朋友答应转钱但未到,1
promised_payment_failed,朋友答应给我但没给,1
promised_time,最晚五点,3
promised_timeframe,这周,2
property_area,80几,1
property_condition,房子是毛坯房,1
property_listed_long_term,房子挂出去大半年了,1
property_market_difficulty,很难成交,1
property_status,没有人住,1
property_vacant,没有人住,1
propose_early_settlement,提前结清,1
propose_flexible_payment,现在少还点，以后多还,2
propose_minimum_payment,最低还款额付进去,1
propose_partial_payment,E招贷先还上,1
proposed_date,我说11号还进去,3
proposed_down_payment,催收员曾提首付方案,1
proposed_installment_plan,每个月有钱啊，我可能是分批分期还款,1
proposed_repayment_date,16号左右才能还,2
proposed_settlement,一次性给个还个12000，我给它结清,2
proposed_term,搞个三年,1
proposes_installment,一个月少还点,1
provide_documentation,可以提供截图,2
provided_financial_info,在APP上上传过个人收入情况以及负债情况,1
provided_unemployment_proof,已提供失业证明,1
purchase_year,2020年买的房,2
query_balance,总欠款是多少钱,1
query_credit_source,这个E招贷的额度是从哪里来的,1
query_debt_amount,两个账户加起来多少钱,1
query_extra_charge,另外的那个700多块钱是什么,1
query_fee_waiver,个之前的息息能够减免掉的是一……1000多块钱是吧,1
query_principal,询问本金金额,1
query_total_debt,我现在总欠你们总共欠多少呀,2
question_about_amount,询问每月还款金额和6000多的含义,2
question_about_plan,询问60期分期是否本金分期,2
questioning_charges,还户还这22000、2200多是本金还是还是什么,1
questioning_record,你们这上面没有记录吗,1
raising_funds,正在筹着,2
re_installment,办了个再分期,1
read_notification,我今天看到了短信,1
reason_for_default,不到万不得已不会逾期,3
receivable_delay,货款没收到,1
receivables_delinquency,款项拖欠,2
receivables_uncollected,钱没有收回来,3
received_calls,接了好几个,1
received_reminder,有人让我速还款并致电这个号,1
received_sms,看到短信,1
received_threat_message,收到私人号码发来的电话和彩信说银行起诉,2
recent_borrowing,这刚借的钱,1
recent_communication,今天上午跟你说,1
recent_contact,中午刚给银行打电话,1
recent_financial_difficulty,最近遇到问题,1
recent_funding,刚转过来钱,1
recent_income_stabilization,去年12月开始有稳定收入,1
recent_overdue,这个月的事情,3
recent_release,刚出来,1
recorded_call,已录音,1
recovery_timeline,大概要6月份之后才能确定,1
reduced_income,5月份做了半个月的工,2
reduction_denied,被告知无法减免,2
reduction_request,5月28号申请减免,1
refinance_attempt,想贷款还信用卡,1
refuse_change,我不改,1
refuse_extra_charges,多收1分钱都不行,1
refuse_interest,不愿意掏利息了,1
refuse_service,不需要这个,1
refused_loan,4000多就不借了,1
regret,那10万块钱就不用还了,1
regret_application,后悔申请信用卡,1
regulation,国家信用卡暂行条例第770条,1
regulatory_feedback,中国银民银行总行的给我反馈1400，可以免除这个罚息利息,1
regulatory_reference,问过银保监会,4
reimbursement_status,公司是昨天收到我的报销款项,1
reject_plan,方案对我来说没啥意义,1
rejected_down_payment,不用那种首付款,1
rejected_offer,你们那边给的协商方案，我这边是不行啊,1
rejected_plan,方案不行,2
rejecting_waiver,你不用给我省20000多块钱,1
relationship_status,耍了女朋友，现在没有耍了,3
relief_policy,他那边是给我做了纾困政策,2
relocation_plan,回老家,1
relying_on_others,1000要别人给你转过去,1
remaining_interest,利息剩余4132.83,2
remittance_difficulty,换汇不顺利,4
rent_due,房租到期了,1
renting_status,现在是租的房子,1
repaying_now,正在还款,2
repayment_calculation,一个月还2600多的话，下来才是个30000多,2
repayment_condition,希望还款进入本金,4
repayment_date_acknowledgment,7号以前是25号,1
repayment_difficulty,按以前的那个还款计划，目前来说可能比较困难,2
repayment_focus,现在目前没怎么用，基本都在还,1
repayment_history_long,还款近四年,1
repayment_ineffective,借钱还进去也只是还到利息里面去了,1
repayment_made,那个E招贷的600块钱，您今天下午还进来了嘛，对吧？,1
repayment_mechanism,他们是先还进去之后才能调,1
repayment_period_request,五个月,1
repayment_plan_confirmation,信用卡是3000，然后先还这个，再还那个分期卡2600,1
repayment_plan_offered,逾期之后才给提供的还4000块钱的方案,1
repayment_plan_option,第一种方案有减免政策,2
repayment_reminder,提示还款,1
repayment_schedule_inquiry,6月还完，7月份什么时候还,1
repeated_application_due_to_unreliable_friend,朋友不守时导致重复申请,1
repeated_calls_and_delays,我就打七八回这个电话了，左推右推的,1
repeated_communication,多次打电话我都有讲过,1
repeated_explanation,之前也跟说过,1
repeated_request,每次打电话都这么说,1
repeated_transfer,客服拖到平台，平台给我拖到后台，后台给我拖到协商,2
reported_hardship,跟你们银行报备了,1
reporting_intent,我是想跟你们报备这个,2
request_bill_review,要求核对账单,1
request_card_freeze,希望做停卡处理,3
request_change_contact,你可以把紧急联系人改一下,1
request_contract,要求查看领用合约,2
request_deadline_extension,能不能拿到10号,1
request_detail,想搞清楚本金、利息、违约金,1
request_documentation,想查合同和账单明细,1
request_fee_waiver,要求免除风险费用,1
request_for_60_periods,按照银保监会的这个最长60期来申请,1
request_for_clarification,他是还多少钱？一千一百多多少钱,1
request_for_grace_period,需要5个月的缓冲时间,1
request_for_hardship_program,我申请的那个延期还款跟那个免息，还有那个停息还款,1
request_for_info,那等到八月份的时候，你能帮我查一下这个账单嘛,2
request_for_later_call,我说你记录的时候帮我记一下，下午再跟我联系,1
request_for_plan,需要合理还款方案,3
request_for_reduction,我要申请5000,1
request_for_settlement,我这协商就是停息挂账,2
request_information,查询剩余未还款的本金,2
request_interest_freeze,要求停息挂账,2
request_interest_stop,要求停息,1
request_long_term,分60期,1
request_official_contact,我说让400给我打,1
request_plan,申请停息挂账,2
request_principal_installment,希望本金分期,2
request_reduction,需要相应的政策帮我减免一些,2
request_refund,要求退多收利息,1
request_solution,关于催收，咱这边有什么好的解决方案吗,1
request_split_payment,要求分开还款,1
request_statement,让你们把我这张卡的总欠款还有额外的费用明细给我拉一份,1
request_stop_collection,能不能暂停催收啊,1
request_stop_contacting_contacts,要求取消通讯录授权,1
request_stop_robot_calls,你把机器人给我先停一下吧,1
requested_grace_period,之前要求缓3个月,1
requested_repayment_plan,之前申请个性化还款,1
requesting_installment,做个性化分期,1
requesting_negotiation,我打电话给客服说我要跟你们协商个性化分期,2
residence,户籍在这,1
residence_destroyed,拆房子都拆掉了,1
residence_not_changed,没有,1
resolution_plan,今天下午应该会搞好,1
risk_aversion,避免二次逾期,1
risk_of_default,二次逾期,1
risk_reason,风险,1
rural_house,老家有农村房子,1
salary_cut,公司全员都降薪了,1
salary_not_received,工资没到1个月,1
salary_payment,发薪,3
seeking_alternative,询问其他方案,3
seeking_clarification,内部协商是什么政策,1
seeking_confirmation,这笔我还最低要合适对吗,1
seeking_fee_waiver,想看看银行能不能就把我所有的费用都免掉,1
seeking_further_reduction,能不能再低一点,1
seeking_help_from_others,联系了几个朋友,1
seeking_help_or_plan,找人家帮我做那个账冲组,1
seeking_installment,询问分期方案,2
seeking_installment_plan,冻结之后你给我办成12期,1
seeking_long_term_plan,能不能把我这个就直接拆分拆分成这个……60期的那种,1
seeking_reduction,可以往下调什么,1
seeking_repayment_plan,想申请个性化分期,1
seeking_solutions,都在想办法,2
seeking_work,一般在外面找事情做,1
seeks_settlement,想停息挂账,1
self_caused,自己开导致,1
self_effort_exhausted,是我能处理的都处理了,1
self_employed_insurance,自己交灵活就业社保,1
self_handling,自己可以处理,1
self_income,4000多,2
self_paid,自己付的,1
self_protection,自己有录音,2
self_service_application,掌上生活自己办的E招贷和分期卡,1
selling_asset,卖车,1
separate_property,他自己的,1
severance_income,违约金收入大概几万,1
shame,我都不好意思的,1
shared_payment,家里出一点，然后我出一点,1
short_delinquency,逾期没多久,1
short_grace_period,有那是3天的,1
short_term_liquidity_issue,短期内没有那么多钱,1
short_term_repayment,明天或后天全部还进去,2
side_business,有副业,1
single_card_user,只用一张信用卡,1
single_debt,只有一家逾期,2
single_income,全靠老公一个人上班,1
single_income_household,全靠我们老公一个人上班,1
single_overdue,只有唯一一次逾期,1
small_business,小股份,1
social_circle_financial_status,朋友年龄都比较小，也都是20出头嘛，没什么钱,1
social_exhaustion,开不了口,1
social_exposure,身边人都已经知道了,1
social_network_financial_distress,朋友都逾期,1
social_relation,他们是我朋友,1
social_support_lack,亲戚朋友躲都躲不及,2
sole_breadwinner,家里面就我一个工作,2
son_has_own_family,他有他的家庭，那跟我不相干的,1
special_circumstances,特殊情况,2
specific_available_time,早上我没直播之前，我还没上班之前，十点之前我可以给你们接电话,2
specific_offer,抵2个月,5
specific_payment_amount,方案要求还E招贷一千多和信用卡八百多,1
specific_payment_time,下午2点钟钱能打过来,1
specific_proposal,申请那个60期的个性化分期，停息,1
specific_request,诉求分60期只还本金,2
specific_time,12点多,1
specific_timeline,到四点看能不能转进来,1
spending_cutback,能不花的钱都不花了,1
spouse_income_source,靠爱人工资还一点,1
spouse_pay_date,爱人月中旬开工资,1
spouse_pays,在他还,1
spouse_unavailable,爱人承担其他东西,5
stable_contact,手机用了二十多年没换过,1
staff_attitude_complaint,你们工作人员态度也很嚣张,2
staff_error,工作人员失误,1
staff_identity,工作人员在招商银行上班,1
stated_debt_amount,一个账户45000,2
status_acknowledgment,特殊解除了,1
still_overdue,还是逾期,1
stopped_treatment,停止治疗,1
street_vendor,在街上那种,1
strong_willingness,有强烈还款意愿,2
subsidy_delayed,低保也没到账,1
successful_negotiation_example,一家减免利息只还本金分36期,2
sudden_funding_cutoff,资金上面一下子被断掉了,1
suicide_threat,在天台,1
supplier_pickup_point,我们去拿猪肉嘛，发给我们支的那个地方,1
survival,先活着,1
survival_difficulty,现在我连生存下去都已经遇到困难,1
system_change_notice,银行系统升级,1
system_displayed_amount,他说是11041,1
system_notification,收到短信显示未还清,1
tax_issues,税务,1
technical_inability,我不会整那东西,1
technical_inexperience,没操作过手机操作,1
temporary_cash_shortage,现在我出差，钱我凑不出来,1
temporary_financial_difficulty,暂时困难,1
temporary_funds,这一下有钱了,1
temporary_job,在外头打工,1
temporary_living,我晚上去我朋友那寝室,1
temporary_solution,这个都只能解决一时的,1
term_demand,我最少最少都要48期,1
third_party,我是他爱人,1
third_party_advice,别人说协议金额变成1500,5
third_party_collection,第三方催收,1
third_party_funds,钱是到我账上了，但是那是别人的钱，我要转给别人的,1
third_party_payment_delay,他23号才发工资,1
third_party_payment_duration,朋友还了一年多,1
third_party_payment_promise,对方说今天下午2点给我转,1
threat_complaint,威胁投诉曝光,1
threat_of_legal_action,前2天你们给我打电话说什么不还了起诉我,2
threat_to_complain,我直接投诉那公众号,1
threaten_complaint,通过银保监投诉,1
tight_budget,工资刚够还东西,1
time_ago,有点时间了,1
time_calculation,那不就两个月嘛，现在是六月九号，七月、八月、八月七号,2
time_concern,时间有点多,1
time_passing,时间它会过,1
time_pressure,计划太急,2
time_request,逾期最多8天,3
time_statement,才8号,1
timeframe_for_payment,大概有3个月,1
timeframe_proposal,一个半月到两个月,1
timeframe_three_months,3个月的时间,1
timeline,明天，后天,2
total_debt_burden,每月总还款10000多,1
total_monthly_ability,1个月能还4000块钱,1
total_payment_calculation,每月往里还加利息有8000多,1
total_price,100170多,1
total_remaining_amount,APP上已出和未出账单分期剩余本金和利息加起来40063.76,1
transaction_issue,卡是钱没支出去,1
travel_business,出差,1
travel_reason,在外地出差，手机没带,1
trust_issue,曾被回款方欺骗,3
trust_relationship,认识朋友几年,1
unable_to_accept_plan,方案解决不了,1
unable_to_afford_plan,查分期的调整方案我确实操作……在我的能力范围内也没有达成,1
unable_to_contact_other,联系不上他,1
unable_to_locate,找不着,1
unable_to_negotiate,现在没办法协商还款,1
unable_to_pay_large_amount,大笔的钱还不上,1
unable_to_pay_now,现在这笔钱都还不了,4
unable_to_pay_on_time,没有办法按照账单日去还,1
unable_to_recall,4月份不记得了,1
unanswered_request,提出过诉求但未获答复,1
unaware_of_overdue,没有查到,1
unaware_of_plan,没有提过方案,1
unaware_of_temporary_limit,不知道额度是临时额度,1
uncertain_date,应该是27还是20几,1
uncertain_timing,不一定什么时候还,2
unclear_process,不知道联系哪个部门,1
understanding_consequences,停卡后额度没有了，要一次性还清,1
understanding_of_fee,确认6000多是补偿两期的息费和违约金,1
understanding_of_offer,等于说就是您刚才说的这个方案，还那个一千多的，这个方案的话就是那个卡还是给锁定的,1
understanding_of_process,确认办理分期需要先花这些钱,1
understanding_plan,只有第二个方案可以停息挂账,2
unemployed_and_ill,我现在失业生病,1
unemployed_or_no_workplace,现在没单位地址,1
unemployment_and_financial_hardship,目前确实是因为失业，没有收入，暂时没有能力全额结清,1
unemployment_confirmation,对,1
unemployment_date,4月底,1
unemployment_or_underemployment,没怎么上班,1
unemployment_registration_delay,失业登记我前几天准备做，但是它6月11号做维护，要6月11号之后才能做登记,1
unexpected_consequences,没想到会这么严重,1
unexpected_credit_limit_reduction,突然被降额,1
unfair_fees,被乱扣钱,2
unforeseen_circumstances,发生点情况,1
uninformed,不清楚,1
unknown_asset_value,不知道市值,1
unknown_employer,我不知道我单位是哪一个,1
unreachable,电话接不上,3
unrecovered_funds,钱没有追回来,1
unreliable_funding_source,朋友资金不确定,2
unresolved_issue,找了几个月了你他妈有给我解决吗,2
unreturned_calls,你们没给我回,2
unstable_living,我不稳定,1
unstable_work_address,单位地址不稳定,1
use_id_address,按照我那个身份证的信息地址来,1
using_mobile_banking,用这个手机操作,2
vague_problem,有点问题,1
vague_terms,方案说的模棱两可,1
vehicle_in_use,我自己开,1
vehicle_ownership,车是我本人的,2
vehicle_parked,停到那里了,1
vehicle_payment_status,全款,1
vehicle_unusable,买保险没法开,1
verification_attempt,网上说打信用卡电话查备案,1
verification_request,我想确认一下是不是官方的,1
verification_requirement,打过去还要用身份证验证,1
verifying_account,在算账对账,1
waiting_for_borrowed_money,借到钱的那个人现在还在工作，要12点才下班,1
waiting_for_call,他说要我等你们电话,1
waiting_for_external_help,要等亲戚好转,1
waiting_for_funding,等他人过来,2
waiting_for_human_contact,一直在等人工电话,1
waiting_for_negotiation,在等协商结果,1
waiting_for_property_foreclosure,等着那个房产停掉,1
waiting_for_third_party,老板也没接,5
waiting_for_transfer,他还没转我呢,1
waiting_income,得等工资到,1
will_not_disappear,不会失联,1
will_pay_after_return,等我回去之后,1
willing_to_cooperate,愿意尽量配合,1
willing_to_pay_but_no_plan,我也想还钱啊，你没发给我怎么还,1
willing_to_provide_docs,我可以提供一下截图,1
willing_to_provide_evidence,提供证明,2
willing_to_repay,诚心诚意要还钱,1
willingness_conditional,有钱了不就还进去了,1
willingness_demonstration,让银行看到有这个还款意愿,1
willingness_to_communicate,一直在沟通,1
willingness_to_negotiate,愿意协商,1
willingness_to_pay_principal,本金可以想办法,1
withdrawal_limit,每天限额20000,1
work_activity,做直播,3
work_address,那个原因是我工作的一个店,1
work_difficulty,刚跑路线不熟悉,1
work_expense,买电池,1
work_experience,之前做过电话客服,1
work_focus,想把精力放到工作上面,1
work_income,今天跑了一趟货,1
work_location,我都没回到过总公司总部,1
work_pattern,有时候回老家干点活,1
work_schedule_conflict,上班时间手机开会或者什么的时候,1
work_schedule_or_lifestyle,平常的话，我接不到的，在睡觉时不,2
working_as_courier,去送快递,1
working_income,在跑车,2
would_pay_if_had_money,我要是有钱，早早就还了,1
zero_income,收入都是零,1
回款进度说明,周六人员通过去港口碰头,2
逾期时长,一个多月了,1